rank,name,score,release_date,types,regions
1,肖申克的救赎,9.7,1994,"犯罪,剧情",美国
2,霸王别姬,9.6,1993,"剧情,爱情,同性","中国大陆, 中国香港"
3,美丽人生,9.6,2020,"剧情,喜剧,爱情,战争",意大利
4,辛德勒的名单,9.6,1993,"剧情,历史,战争",美国
5,控方证人,9.6,1957,"剧情,犯罪,悬疑",美国
6,阿甘正传,9.5,1994,"剧情,爱情",美国
7,泰坦尼克号,9.5,1998,"剧情,爱情,灾难","美国, 墨西哥, 澳大利亚, 加拿大"
8,这个杀手不太冷,9.4,1994,"剧情,动作,犯罪","法国, 美国"
9,千与千寻,9.4,2019,"剧情,动画,奇幻",日本
10,盗梦空间,9.4,2010,"剧情,科幻,悬疑,冒险","美国, 英国"
11,星际穿越,9.4,2014,"剧情,科幻,冒险","美国, 英国, 加拿大"
12,楚门的世界,9.4,1998,"剧情,科幻",美国
13,忠犬八公的故事,9.4,2009,剧情,"美国, 英国"
14,熔炉,9.4,2011,剧情,韩国
15,大闹天宫,9.4,1961,"剧情,动画,奇幻,古装",中国大陆
16,十二怒汉,9.4,1957,剧情,美国
17,无间道,9.3,2003,"剧情,犯罪,惊悚",中国香港
18,茶馆,9.5,1982,"剧情,历史",中国大陆
19,海上钢琴师,9.3,2019,"剧情,音乐",意大利
20,末代皇帝,9.3,1987,"剧情,传记,历史","英国, 意大利, 中国大陆, 法国"
21,活着,9.3,1994,"剧情,历史,家庭","中国大陆, 中国香港"
22,背靠背，脸对脸,9.5,1994,剧情,"中国大陆, 中国香港"
23,放牛班的春天,9.3,2004,"剧情,音乐","法国, 瑞士, 德国"
24,鬼子来了,9.3,2000,"剧情,喜剧",中国大陆
25,触不可及,9.3,2011,"剧情,喜剧",法国
26,教父,9.3,1972,"剧情,犯罪",美国
27,指环王3：王者无敌,9.3,2004,"剧情,动作,奇幻,冒险","美国, 新西兰"
28,乱世佳人,9.3,1939,"剧情,历史,爱情,战争",美国
29,素媛,9.3,2013,剧情,韩国
30,钢琴家,9.3,2002,"剧情,传记,战争,音乐","英国, 法国, 波兰, 德国"
31,海蒂和爷爷,9.3,2019,"剧情,冒险,家庭","德国, 瑞士"
32,教父2,9.3,1974,"剧情,犯罪",美国
33,三傻大闹宝莱坞,9.2,2011,"剧情,喜剧,爱情,歌舞",印度
34,当幸福来敲门,9.2,2008,"剧情,传记,家庭",美国
35,泰坦尼克号 3D版,9.4,2012,"剧情,爱情,灾难",美国
36,饮食男女,9.2,1994,"剧情,家庭","中国台湾, 美国"
37,蝙蝠侠：黑暗骑士,9.2,2008,"剧情,动作,科幻,犯罪,惊悚","美国, 英国"
38,指环王2：双塔奇兵,9.2,2003,"剧情,动作,奇幻,冒险","美国, 新西兰"
39,死亡诗社,9.2,1989,剧情,美国
40,摩登时代,9.3,1936,"剧情,喜剧,爱情",美国
41,天堂电影院,9.2,2021,"剧情,爱情","意大利, 法国"
42,辩护人,9.2,2013,剧情,韩国
43,窃听风暴,9.2,2006,"剧情,悬疑",德国
44,穿条纹睡衣的男孩,9.2,2008,"剧情,战争","英国, 美国"
45,少年派的奇幻漂流,9.1,2012,"剧情,奇幻,冒险","美国, 中国台湾, 英国, 加拿大"
46,高山下的花环,9.5,1985,"剧情,战争",中国大陆
47,美国往事,9.2,1984,"犯罪,剧情","美国, 意大利"
48,小鞋子,9.2,1997,"剧情,儿童,家庭",伊朗
49,怦然心动,9.1,2010,"剧情,喜剧,爱情",美国
50,飞屋环游记,9.1,2009,"剧情,喜剧,动画,冒险",美国
51,何以为家,9.1,2019,剧情,"黎巴嫩, 美国, 法国, 塞浦路斯, 卡塔尔, 英国"
52,猫鼠游戏,9.1,2003,"传记,犯罪,剧情","美国, 加拿大"
53,罗马假日,9.1,1953,"喜剧,剧情,爱情",美国
54,闻香识女人,9.1,1992,剧情,美国
55,指环王1：护戒使者,9.1,2002,"剧情,动作,奇幻,冒险","新西兰, 美国"
56,七武士,9.3,1954,"动作,冒险,剧情",日本
57,美丽心灵,9.1,2001,"传记,剧情",美国
58,一一,9.1,2000,"剧情,爱情,家庭","中国台湾, 日本"
59,拯救大兵瑞恩,9.1,1998,"剧情,战争",美国
60,音乐之声,9.1,1965,"剧情,传记,爱情,歌舞",美国
61,两杆大烟枪,9.1,1998,"剧情,喜剧,犯罪",英国
62,横空出世,9.4,1999,"剧情,历史",中国大陆
63,飞越疯人院,9.1,1975,剧情,美国
64,我不是药神,9.0,2018,"剧情,喜剧",中国大陆
65,让子弹飞,9.0,2010,"剧情,喜剧,动作,西部","中国大陆, 中国香港"
66,芙蓉镇,9.2,1987,"剧情,爱情",中国大陆
67,狩猎,9.1,2012,剧情,"丹麦, 瑞典"
68,摔跤吧！爸爸,9.0,2017,"剧情,传记,运动,家庭",印度
69,春光乍泄,9.0,1997,"剧情,爱情,同性","中国香港, 日本, 韩国"
70,本杰明·巴顿奇事,9.0,2008,"剧情,爱情,奇幻",美国
71,城市之光,9.3,1931,"喜剧,剧情,爱情",美国
72,搏击俱乐部,9.0,1999,"剧情,动作,悬疑,惊悚","美国, 德国, 意大利"
73,无人知晓,9.1,2004,剧情,日本
74,忠犬八公物语,9.2,1987,剧情,日本
75,完美的世界,9.1,1993,"剧情,犯罪",美国
76,喜宴,9.0,1993,"剧情,喜剧,爱情,同性,家庭","中国台湾, 美国"
77,超脱,9.0,2011,剧情,美国
78,南海十三郎,9.3,1997,"剧情,传记,爱情",中国香港
79,绿皮书,8.9,2019,"剧情,喜剧,传记,音乐","美国, 中国大陆"
80,小森林 夏秋篇,9.0,2014,剧情,日本
81,小森林 冬春篇,9.0,2015,剧情,日本
82,教父3,9.0,1990,"剧情,犯罪",美国
83,城南旧事,9.1,1983,剧情,中国大陆
84,阳光灿烂的日子,8.9,1995,"剧情,爱情","中国大陆, 中国香港"
85,情书,8.9,1995,"剧情,爱情",日本
86,我是山姆,9.0,2001,"剧情,家庭",美国
87,西西里的美丽传说,8.9,2000,"剧情,战争,情色","意大利, 美国"
88,禁闭岛,8.9,2010,"剧情,悬疑,惊悚",美国
89,甜蜜蜜,8.9,2015,"剧情,爱情",中国香港
90,蝴蝶效应,8.9,2004,"剧情,悬疑,科幻,惊悚","美国, 加拿大"
91,布达佩斯大饭店,8.9,2014,"剧情,喜剧,冒险","美国, 德国, 英国"
92,沉默的羔羊,8.9,1991,"剧情,犯罪,惊悚",美国
93,致命魔术,8.9,2006,"剧情,悬疑,惊悚","英国, 美国"
94,低俗小说,8.9,1994,"剧情,喜剧,犯罪",美国
95,上帝之城,9.0,2002,"犯罪,剧情","巴西, 法国"
96,请以你的名字呼唤我,8.9,2017,"剧情,爱情,同性","意大利, 法国, 巴西, 美国"
97,被嫌弃的松子的一生,8.9,2006,"剧情,歌舞",日本
98,心灵捕手,8.9,1997,剧情,美国
99,杀人回忆,8.9,2003,"剧情,动作,犯罪,悬疑,惊悚",韩国
100,入殓师,8.9,2021,剧情,日本
101,菊次郎的夏天,8.9,2020,"剧情,喜剧",日本
102,勇敢的心,8.9,1995,"动作,传记,剧情,历史,战争",美国
103,7号房的礼物,8.9,2013,"剧情,喜剧,家庭",韩国
104,第六感,8.9,1999,"剧情,悬疑,惊悚",美国
105,爱在日落黄昏时,8.9,2004,"剧情,爱情","美国, 法国"
106,可可西里,8.9,2004,"剧情,犯罪","中国大陆, 中国香港"
107,萤火之森,8.9,2011,"剧情,爱情,动画,奇幻",日本
108,牯岭街少年杀人事件,8.9,1991,"剧情,犯罪",中国台湾
109,一个叫欧维的男人决定去死,8.9,2015,剧情,瑞典
110,侧耳倾听,8.9,1995,"剧情,爱情,动画",日本
111,生活多美好,9.3,1946,"剧情,爱情,奇幻",美国
112,玛丽和马克思,8.9,2009,"剧情,喜剧,动画","澳大利亚, 美国"
113,新世界,8.9,2013,"剧情,犯罪",韩国
114,无间道(正序版),9.2,2006,"剧情,犯罪",中国香港
115,东京教父,9.0,2003,"剧情,喜剧,动画",日本
116,爱在午夜降临前,8.9,2013,"剧情,爱情","美国, 希腊"
117,喜剧之王,8.8,1999,"喜剧,剧情,爱情",中国香港
118,重庆森林,8.8,1994,"剧情,爱情",中国香港
119,寄生虫,8.8,2019,剧情,韩国
120,看不见的客人,8.8,2017,"剧情,犯罪,悬疑,惊悚",西班牙
121,你看起来好像很好吃,8.9,2010,"剧情,动画,儿童",日本
122,卢旺达饭店,8.9,2004,"剧情,传记,历史,战争","英国, 南非, 意大利, 美国"
123,绿里奇迹,8.9,1999,"犯罪,剧情,奇幻,悬疑",美国
124,七宗罪,8.8,1995,"剧情,犯罪,悬疑,惊悚",美国
125,东京物语,9.1,1953,"剧情,家庭",日本
126,致命ID,8.8,2003,"剧情,悬疑,惊悚",美国
127,纵横四海,8.8,1991,"剧情,喜剧,动作,犯罪",中国香港
128,蝙蝠侠：黑暗骑士崛起,8.8,2012,"剧情,动作,科幻,犯罪,惊悚","美国, 英国"
129,断背山,8.8,2005,"剧情,爱情,同性,家庭","美国, 加拿大"
130,告白,8.8,2010,"剧情,悬疑",日本
131,爱在黎明破晓前,8.8,1995,"剧情,爱情","美国, 奥地利, 瑞士"
132,牧马人,9.1,1982,"剧情,爱情",中国大陆
133,模仿游戏,8.8,2015,"剧情,传记,战争,同性","英国, 美国"
134,莫娣,9.1,2016,"剧情,传记,爱情","爱尔兰, 加拿大"
135,被解救的姜戈,8.8,2013,"剧情,动作,西部,冒险",美国
136,阳光姐妹淘,8.8,2011,"剧情,喜剧",韩国
137,大鱼,8.8,2003,"剧情,家庭,奇幻,冒险",美国
138,幸福终点站,8.8,2005,"喜剧,剧情,爱情",美国
139,黑镜：圣诞特别篇,9.1,2014,"剧情,科幻,惊悚",英国
140,我爱你,9.0,2011,"剧情,爱情",韩国
141,灿烂人生,9.4,2003,"剧情,爱情,家庭",意大利
142,盲井,8.9,2003,"犯罪,剧情","中国大陆, 德国, 中国香港"
143,末路狂花,8.9,1991,"犯罪,剧情,惊悚","美国, 英国, 法国"
144,达拉斯买家俱乐部,8.8,2013,"剧情,传记,同性",美国
145,海街日记,8.8,2015,"剧情,家庭",日本
146,荒蛮故事,8.8,2014,"剧情,喜剧,犯罪","阿根廷, 西班牙"
147,枪火,8.8,1999,"剧情,动作,犯罪",中国香港
148,隐藏人物,8.9,2016,"剧情,传记,历史",美国
149,沉静如海,9.2,2004,"剧情,爱情,战争","法国, 比利时"
150,房间,8.8,2015,"剧情,家庭","爱尔兰, 加拿大, 英国, 美国"
151,地球上的星星,8.9,2007,"剧情,儿童,家庭",印度
152,东邪西毒：终极版,8.8,2009,"剧情,动作,爱情","中国香港, 中国大陆, 中国台湾"
153,遥望南方的童年,9.4,2007,剧情,中国大陆
154,九品芝麻官,8.7,1994,"剧情,喜剧,古装","中国香港, 中国大陆"
155,花样年华,8.7,2000,"剧情,爱情",中国香港
156,赛德克·巴莱,8.8,2012,"剧情,历史,战争",中国台湾
157,岁月神偷,8.7,2010,"剧情,家庭","中国香港, 中国大陆"
158,剪刀手爱德华,8.7,1990,"剧情,奇幻,爱情",美国
159,小丑,8.7,2019,"剧情,犯罪,惊悚","美国, 加拿大"
160,天使爱美丽,8.7,2001,"剧情,喜剧,爱情","法国, 德国"
161,心迷宫,8.7,2015,"剧情,犯罪,悬疑",中国大陆
162,消失的爱人,8.7,2014,"剧情,犯罪,悬疑,惊悚",美国
163,罗生门,8.8,1950,"剧情,犯罪,悬疑",日本
164,控方证人,9.4,1982,"剧情,犯罪,悬疑","美国, 英国"
165,赛德克·巴莱(上)：太阳旗,8.9,2011,"剧情,历史,战争",中国台湾
166,无间道2,8.7,2003,"剧情,犯罪,惊悚",中国香港
167,三块广告牌,8.7,2018,"剧情,犯罪","英国, 美国"
168,小偷家族,8.7,2018,"剧情,犯罪,家庭",日本
169,大佛普拉斯,8.7,2017,"剧情,喜剧",中国台湾
170,傲慢与偏见,8.7,2005,"剧情,爱情","法国, 英国, 美国"
171,血战钢锯岭,8.7,2016,"剧情,传记,历史,战争","澳大利亚, 美国"
172,千钧一发,8.8,1997,"剧情,科幻,惊悚",美国
173,燃情岁月,8.8,1994,"剧情,爱情,战争,西部",美国
174,步履不停,8.8,2008,"剧情,家庭",日本
175,魂断蓝桥,8.8,1940,"剧情,爱情,战争",美国
176,恐怖直播,8.7,2013,"剧情,犯罪,悬疑",韩国
177,聚焦,8.8,2015,"剧情,传记",美国
178,记忆碎片,8.7,2000,"犯罪,剧情,悬疑,惊悚",美国
179,爆裂鼓手,8.7,2014,"剧情,音乐",美国
180,爱尔兰人,8.8,2019,"剧情,传记,犯罪",美国
181,千年女优,8.8,2001,"动画,剧情,爱情",日本
182,偷自行车的人,9.1,1948,"犯罪,剧情",意大利
183,勇士,8.9,2011,"剧情,运动,家庭",美国
184,一次别离,8.8,2012,"剧情,家庭","伊朗, 法国"
185,大红灯笼高高挂,8.7,1991,剧情,"中国大陆, 中国香港, 中国台湾"
186,遗愿清单,8.7,2007,"冒险,喜剧,剧情",美国
187,人工智能,8.7,2001,"剧情,科幻","美国, 英国"
188,大独裁者,9.2,1940,"喜剧,剧情,战争",美国
189,萤火虫之墓,8.7,1988,"动画,剧情,战争",日本
190,雨人,8.7,1988,剧情,美国
191,悲情城市,8.9,1989,"剧情,历史",中国台湾
192,我们俩,8.8,2006,剧情,中国大陆
193,血钻,8.7,2006,"剧情,惊悚,冒险","美国, 德国, 英国"
194,天堂回信,9.2,1992,"剧情,儿童",中国大陆
195,战争之王,8.7,2005,"剧情,犯罪","法国, 德国, 美国"
196,爱·回家,9.1,2002,"剧情,家庭",韩国
197,变脸,9.1,1995,剧情,"中国大陆, 中国香港"
198,比海更深,8.8,2016,"剧情,家庭",日本
199,色，戒,8.6,2007,"剧情,爱情,情色","中国台湾, 中国大陆, 美国, 中国香港"
200,悲惨世界,8.7,2013,"剧情,爱情,歌舞","英国, 美国"
201,梦之安魂曲,8.8,2000,剧情,美国
202,东邪西毒,8.6,1994,"剧情,动作,爱情,武侠,古装","中国香港, 中国台湾"
203,奇迹男孩,8.6,2018,"剧情,儿童,家庭","美国, 中国香港"
204,盲山,8.7,2007,"剧情,犯罪",中国大陆
205,英雄本色,8.6,2017,"剧情,动作,犯罪",中国香港
206,青蛇,8.6,1993,"剧情,爱情,奇幻,古装","中国香港, 中国大陆"
207,弱点,8.7,2009,"剧情,家庭,传记,运动",美国
208,黑天鹅,8.6,2010,"剧情,惊悚",美国
209,贫民窟的百万富翁,8.6,2009,"剧情,爱情",英国
210,真爱至上,8.6,2003,"喜剧,剧情,爱情","英国, 美国, 法国"
211,谁先爱上他的,8.6,2018,"剧情,喜剧,同性",中国台湾
212,浪潮,8.7,2008,"剧情,惊悚",德国
213,恋恋笔记本,8.6,2004,"剧情,爱情",美国
214,波西米亚狂想曲,8.6,2019,"剧情,传记,同性,音乐","英国, 美国"
215,阳光普照,8.6,2019,"剧情,犯罪,家庭",中国台湾
216,赛德克·巴莱(下)：彩虹桥,8.8,2011,"剧情,历史,战争",中国台湾
217,花束般的恋爱,8.6,2022,"剧情,爱情",日本
218,攻壳机动队2：无罪,9.2,2004,"剧情,科幻,动画",日本
219,海边的曼彻斯特,8.6,2017,"剧情,家庭",美国
220,横道世之介,8.8,2013,"剧情,爱情",日本
221,无耻混蛋,8.6,2009,"剧情,犯罪","德国, 美国"
222,朗读者,8.6,2008,"剧情,爱情","美国, 德国"
223,暗战,8.6,1999,"动作,剧情,犯罪",中国香港
224,四百击,8.9,1959,"犯罪,剧情",法国
225,百万美元宝贝,8.7,2004,"剧情,运动",美国
226,卡萨布兰卡,8.7,1943,"剧情,爱情,战争",美国
227,那山那人那狗,8.7,2001,"剧情,家庭",中国大陆
228,万箭穿心,8.6,2012,"剧情,家庭",中国大陆
229,廊桥遗梦,8.7,1995,"剧情,爱情",美国
230,猜火车,8.6,1996,"剧情,犯罪",英国
231,刺猬的优雅,8.8,2009,剧情,"法国, 意大利"
232,恐怖分子,8.9,1986,"剧情,犯罪",中国台湾
233,蝙蝠侠：侠影之谜,8.6,2005,"剧情,动作,科幻,犯罪,惊悚","美国, 英国"
234,洛城机密,8.8,1997,"剧情,犯罪,悬疑,惊悚",美国
235,伴我同行,8.9,1986,"剧情,儿童,冒险",美国
236,穿越时空的少女,8.6,2006,"剧情,爱情,科幻,动画",日本
237,82年生的金智英,8.6,2019,剧情,韩国
238,发条橙,8.6,1971,"犯罪,剧情,科幻","英国, 美国"
239,燃烧女子的肖像,8.7,2019,"剧情,爱情,同性",法国
240,地下,9.2,1995,"剧情,战争","南斯拉夫, 法国, 德国, 保加利亚, 捷克, 匈牙利, 英国, 美国"
241,你的名字。,8.5,2016,"剧情,爱情,动画",日本
242,叫我第一名,8.7,2008,"剧情,传记",美国
243,我们天上见,8.8,2010,"剧情,家庭",中国大陆
244,麦兜故事,8.6,2001,"剧情,喜剧,动画",中国香港
245,E.T.外星人,8.6,2002,"剧情,科幻",美国
246,复仇者联盟4：终局之战,8.5,2019,"剧情,动作,科幻,奇幻,冒险",美国
247,童年往事,8.9,1985,"剧情,传记,家庭",中国台湾
248,特工,8.7,2018,剧情,韩国
249,婚姻故事,8.6,2020,"剧情,爱情","英国, 美国"
250,初恋这件小事,8.5,2012,"剧情,喜剧,爱情",泰国
251,帝国的毁灭,8.9,2004,"剧情,传记,历史,战争","德国, 奥地利, 意大利"
252,1917,8.5,2020,"剧情,战争","美国, 英国, 印度, 西班牙, 加拿大, 中国大陆"
253,影武者,9.1,1980,"剧情,历史,战争","日本, 美国"
254,阿飞正传,8.5,2018,"犯罪,剧情,爱情",中国香港
255,隐入尘烟,8.5,2022,剧情,中国大陆
256,撞车,8.6,2004,"犯罪,剧情","美国, 德国, 澳大利亚"
257,恐怖游轮,8.5,2009,"剧情,悬疑,惊悚","英国, 澳大利亚"
258,血观音,8.5,2017,"剧情,悬疑",中国台湾
259,荒岛余生,8.6,2000,"冒险,剧情",美国
260,火星救援,8.5,2015,"剧情,科幻,冒险","英国, 美国, 匈牙利, 约旦"
261,坠入,8.8,2006,"剧情,喜剧,奇幻,冒险","美国, 南非, 印度"
262,超感猎杀：完结特别篇,9.2,2018,"剧情,科幻,同性",美国
263,钢的琴,8.5,2011,"剧情,喜剧",中国大陆
264,过年,8.9,1991,"剧情,家庭",中国大陆
265,战场上的快乐圣诞,8.8,1983,"剧情,战争,同性","英国, 日本, 新西兰"
266,燕尾蝶,8.7,1996,"犯罪,剧情",日本
267,八恶人,8.6,2015,"剧情,犯罪,西部",美国
268,奇爱博士,8.9,1964,"剧情,喜剧,战争","美国, 英国"
269,困在时间里的父亲,8.6,2021,剧情,"英国, 法国"
270,精武英雄,8.6,1994,"动作,剧情","中国香港, 中国大陆"
271,香水,8.5,2006,"剧情,犯罪,奇幻","德国, 法国, 西班牙, 美国, 比利时"
272,金福南杀人事件始末,8.6,2010,"剧情,犯罪,惊悚",韩国
273,恋恋风尘,8.7,1987,"剧情,爱情",中国台湾
274,完美陌生人,8.5,2018,"剧情,喜剧",意大利
275,海盗电台,8.6,2009,"剧情,喜剧,音乐","英国, 德国, 法国"
276,胭脂扣,8.5,1987,"剧情,爱情,奇幻",中国香港
277,网络谜踪,8.5,2018,"剧情,犯罪,悬疑,惊悚","美国, 俄罗斯"
278,误杀瞒天记,8.6,2022,"剧情,犯罪,悬疑",印度
279,家有喜事,8.5,1992,"剧情,喜剧,爱情,家庭",中国香港
280,公民凯恩,8.8,1941,"剧情,悬疑",美国
281,红高粱,8.5,1988,"剧情,历史,爱情,战争",中国大陆
282,赌神,8.5,1989,"喜剧,剧情",中国香港
283,小姐,8.5,2016,"剧情,悬疑,情色,同性",韩国
284,如父如子,8.7,2013,"剧情,家庭",日本
285,白日梦想家,8.5,2013,"剧情,喜剧,冒险","美国, 英国"
286,大卫·戈尔的一生,8.6,2003,"剧情,犯罪,悬疑","美国, 德国, 英国, 西班牙"
287,沙漠之花,8.8,2009,"剧情,传记","英国, 德国, 奥地利, 法国"
288,角斗士,8.6,2000,"剧情,动作,冒险","美国, 英国, 马耳他, 摩洛哥"
289,荒野生存,8.6,2007,"冒险,传记,剧情",美国
290,碧海蓝天,8.7,1988,"剧情,爱情","法国, 意大利"
291,极速风流,8.7,2015,"剧情,传记,运动","英国, 德国, 美国"
292,女人，四十,8.9,1995,"剧情,家庭",中国香港
293,黄海,8.5,2010,"剧情,动作,犯罪","韩国, 美国, 中国香港"
294,天水围的日与夜,8.6,2008,"剧情,家庭",中国香港
295,哪吒之魔童降世,8.4,2019,"剧情,喜剧,动画,奇幻",中国大陆
296,阿郎的故事,8.6,1989,"剧情,家庭",中国香港
297,至暗时刻,8.5,2017,"剧情,传记,历史,战争","英国, 美国"
298,乱,8.9,1985,"剧情,动作","日本, 法国"
299,这个男人来自地球,8.5,2007,"剧情,科幻",美国
300,赎罪,8.5,2008,"剧情,悬疑,爱情,战争","英国, 法国"
301,笑傲江湖2：东方不败,8.5,1992,"剧情,爱情,武侠,古装",中国香港
302,阮玲玉,8.6,1991,"传记,剧情,爱情",中国香港
303,开心家族,8.6,2011,"剧情,喜剧,家庭",韩国
304,相助,8.8,2011,剧情,"美国, 印度, 阿联酋"
305,土拨鼠之日,8.6,1993,"剧情,喜剧,爱情,奇幻",美国
306,跳出我天地,8.8,2000,"剧情,儿童,歌舞,家庭","英国, 法国"
307,莫里斯,8.9,1987,"剧情,爱情,同性",英国
308,美国丽人,8.5,1999,"剧情,爱情,家庭",美国
309,伦敦一家人,8.9,2016,"剧情,动画,家庭",英国
310,我能说,8.8,2017,"剧情,喜剧",韩国
311,与狼共舞,8.9,1990,"剧情,西部,冒险","美国, 英国"
312,多哥,8.8,2019,"剧情,冒险",美国
313,风声,8.4,2009,"犯罪,剧情,惊悚,战争",中国大陆
314,狼的孩子雨和雪,8.7,2012,"剧情,动画,奇幻,家庭",日本
315,切腹,9.4,1962,"剧情,动作,悬疑",日本
316,我在伊朗长大,8.7,2007,"剧情,传记,动画","法国, 美国"
317,亲爱的,8.4,2014,"剧情,家庭","中国大陆, 中国香港"
318,共同警备区,8.8,2000,剧情,韩国
319,爱乐之城,8.4,2017,"剧情,爱情,歌舞",美国
320,蓝风筝,8.8,1993,"剧情,历史","中国大陆, 中国香港"
321,卧虎藏龙,8.4,2000,"剧情,爱情,武侠","中国台湾, 中国香港, 美国, 中国大陆"
322,蓝色大门,8.4,2002,"剧情,爱情,同性","中国台湾, 法国"
323,斯隆女士,8.8,2016,"剧情,悬疑","美国, 法国"
324,英国病人,8.5,1996,"爱情,剧情,战争","美国, 英国"
325,月球,8.5,2009,"剧情,科幻,悬疑","英国, 美国"
326,敦刻尔克,8.4,2017,"剧情,历史,战争","英国, 法国, 美国, 荷兰"
327,十二公民,8.4,2015,剧情,中国大陆
328,哪啊哪啊神去村,8.6,2014,"剧情,喜剧",日本
329,三毛从军记,8.6,1992,"剧情,儿童,喜剧,战争",中国大陆
330,国王的演讲,8.4,2012,"剧情,传记,历史","英国, 澳大利亚, 美国"
331,蓝白红三部曲之红,8.7,1994,"剧情,爱情,悬疑","法国, 波兰, 瑞士"
332,神女,9.1,1934,剧情,中国大陆
333,洞,9.2,1960,"犯罪,剧情,惊悚","法国, 意大利"
334,时时刻刻,8.6,2002,"剧情,传记","美国, 英国"
335,暖暖内含光,8.5,2004,"剧情,爱情,科幻",美国
336,花火,8.7,1997,"剧情,爱情,犯罪,惊悚",日本
337,蓝宇,8.4,2001,"剧情,爱情,同性","中国大陆, 中国香港"
338,小武,8.5,1998,剧情,"中国香港, 中国大陆"
339,神探夏洛克：最后的誓言,9.0,2014,"剧情,犯罪,悬疑",英国
340,极速车王,8.5,2020,"剧情,传记,运动",美国
341,至爱梵高·星空之谜,8.5,2017,"剧情,传记,动画","英国, 波兰"
342,大空头,8.5,2015,"剧情,传记",美国
343,小萝莉的猴神大叔,8.4,2018,"剧情,喜剧,动作",印度
344,少年时代,8.5,2014,"剧情,家庭",美国
345,她,8.4,2013,"剧情,爱情,科幻",美国
346,穆赫兰道,8.4,2001,"剧情,悬疑,惊悚","法国, 美国"
347,不一样的天空,8.6,1993,"剧情,爱情,家庭",美国
348,假如爱有天意,8.4,2003,"剧情,爱情",韩国
349,一级恐惧,8.5,1996,"剧情,犯罪,悬疑",美国
350,中央车站,8.7,1998,剧情,"巴西, 法国"
351,有话好好说,8.4,1997,"剧情,喜剧",中国大陆
352,岁月的童话,8.6,1991,"剧情,爱情,动画",日本
353,出租车司机,8.5,1976,"剧情,犯罪",美国
354,再见列宁,8.8,2003,"剧情,喜剧",德国
355,驴得水,8.3,2016,"剧情,喜剧",中国大陆
356,全金属外壳,8.6,1987,"剧情,战争","英国, 美国"
357,黑社会,8.4,2005,"犯罪,剧情,惊悚",中国香港
358,黑水,8.6,2019,剧情,美国
359,堕落天使,8.4,1995,"喜剧,犯罪,剧情,爱情",中国香港
360,光荣之路,9.1,1957,"剧情,战争",美国
361,费城故事,8.7,1993,"剧情,同性",美国
362,金陵十三钗,8.3,2011,"剧情,历史,战争","中国大陆, 中国香港"
363,落叶归根,8.4,2007,"剧情,喜剧","中国大陆, 中国香港"
364,西游记之大圣归来,8.3,2015,"剧情,动画,奇幻",中国大陆
365,小城之春,8.7,1948,"剧情,爱情",中国大陆
366,烈日灼心,8.3,2015,"剧情,犯罪,悬疑",中国大陆
367,英雄本色2,8.4,1987,"剧情,动作,犯罪",中国香港
368,自闭历程,8.9,2010,"剧情,传记",美国
369,无人区,8.3,2013,"剧情,犯罪,西部",中国大陆
370,莫扎特传,8.7,1984,"剧情,传记,历史,音乐","美国, 法国, 捷克斯洛伐克, 意大利"
371,启示,8.7,2006,"动作,冒险,剧情",美国
372,万物理论,8.4,2014,"剧情,传记,爱情","英国, 日本"
373,雄狮少年,8.3,2021,"剧情,喜剧,动画",中国大陆
374,秋天的童话,8.5,1987,"剧情,爱情",中国香港
375,健听女孩,8.6,2021,"剧情,音乐","美国, 法国, 加拿大"
376,楢山节考,9.0,1983,"剧情,家庭",日本
377,独立时代,8.8,1994,剧情,中国台湾
378,卡罗尔,8.4,2015,"剧情,爱情,同性","英国, 美国"
379,蝴蝶,8.6,2002,"剧情,儿童,喜剧",法国
380,比利·林恩的中场战事,8.3,2016,"剧情,战争","美国, 英国, 中国大陆"
381,孙子从美国来,8.5,2012,"剧情,儿童,家庭",中国大陆
382,热天午后,8.7,1975,"剧情,喜剧,犯罪",美国
383,推手,8.4,1991,"剧情,家庭","中国台湾, 美国"
384,登堂入室,8.5,2012,"剧情,悬疑",法国
385,阿黛尔的生活,8.4,2013,"剧情,爱情,同性","法国, 比利时, 西班牙"
386,三峡好人,8.4,2006,"剧情,爱情",中国大陆
387,面子,8.8,2004,"剧情,喜剧,爱情,同性",美国
388,秒速5厘米,8.3,2007,"动画,剧情,爱情",日本
389,桃姐,8.3,2012,"剧情,家庭",中国香港
390,盗钥匙的方法,8.5,2012,"剧情,喜剧",日本
391,百鸟朝凤,8.3,2016,"剧情,音乐",中国大陆
392,追击者,8.4,2008,"犯罪,剧情,惊悚",韩国
393,太阳照常升起,8.3,2007,"剧情,奇幻",中国大陆
394,寻子遇仙记,9.2,1921,"剧情,喜剧,家庭",美国
395,Hello！树先生,8.3,2011,剧情,中国大陆
396,喋血双雄,8.5,1989,"动作,犯罪,剧情,惊悚",中国香港
397,银翼杀手2049,8.3,2017,"剧情,动作,科幻","美国, 英国, 加拿大, 匈牙利"
398,监狱风云,8.4,1987,"剧情,动作,犯罪",中国香港
399,天国王朝,8.6,2005,"剧情,历史,战争","英国, 德国, 西班牙, 摩洛哥, 美国, 意大利, 法国"
400,尼罗河上的惨案,8.5,1978,"剧情,犯罪,悬疑",英国
401,第九区,8.3,2009,"动作,剧情,科幻,惊悚","美国, 新西兰, 加拿大, 南非"
402,芬奇,8.4,2021,"剧情,科幻",美国
403,垫底辣妹,8.3,2016,"剧情,家庭",日本
404,安妮·霍尔,8.6,1977,"喜剧,剧情,爱情",美国
405,嫌疑人X的献身,8.4,2008,"犯罪,剧情,悬疑",日本
406,金刚狼3：殊死一战,8.3,2017,"剧情,动作,科幻",美国
407,导盲犬小Q,8.5,2004,剧情,日本
408,南极大冒险,8.7,2006,"剧情,冒险",美国
409,奇迹,8.8,2011,"剧情,家庭",日本
410,精英部队2：大敌当前,8.7,2011,"剧情,动作,犯罪,惊悚",巴西
411,孟买酒店,8.4,2018,"剧情,历史,惊悚","澳大利亚, 美国, 印度"
412,机器管家,8.6,1999,"剧情,喜剧,科幻","美国, 德国"
413,麻将,8.7,1996,"喜剧,剧情",中国台湾
414,天注定,8.3,2013,"剧情,犯罪","中国大陆, 日本, 法国"
415,僵尸新娘,8.3,2005,"剧情,动画,奇幻","美国, 英国"
416,东方快车谋杀案,8.5,1974,"剧情,犯罪,悬疑",英国
417,少年的你,8.2,2019,"剧情,爱情,犯罪","中国大陆, 中国香港"
418,坏孩子的天空,8.6,1996,"剧情,犯罪,运动",日本
419,兵临城下,8.4,2001,"剧情,历史,战争","爱尔兰, 英国, 法国, 德国, 美国"
420,蓝白红三部曲之蓝,8.5,1993,"剧情,爱情,音乐","法国, 波兰, 瑞士"
421,萨利机长,8.3,2016,"剧情,传记",美国
422,天若有情,8.4,1990,"动作,剧情,爱情",中国香港
423,自梳,8.6,1997,"剧情,爱情,同性",中国香港
424,魔术师,8.7,2010,"剧情,动画","法国, 英国"
425,巴斯特·斯克鲁格斯的歌谣,8.5,2018,"剧情,喜剧,爱情,西部,悬疑,歌舞",美国
426,最佳出价,8.4,2013,"剧情,爱情,悬疑",意大利
427,乔乔的异想世界,8.3,2020,"剧情,喜剧,战争","美国, 捷克, 新西兰"
428,地雷区,8.7,2015,"剧情,历史,战争","丹麦, 德国"
429,暗花,8.4,1998,"剧情,动作,犯罪,悬疑",中国香港
430,野草莓,8.8,1957,"剧情,爱情,家庭",瑞典
431,午夜巴黎,8.3,2011,"剧情,爱情,奇幻","西班牙, 美国, 法国"
432,黄飞鸿,8.3,1991,"剧情,动作,武侠,古装",中国香港
433,思悼,8.5,2015,"剧情,历史",韩国
434,老爷车,8.6,2008,剧情,"美国, 德国"
435,大都会,9.1,1927,"剧情,科幻",德国
436,结婚礼服,8.6,2010,"剧情,家庭",韩国
437,天伦之旅,8.6,2009,"剧情,家庭",美国
438,面纱,8.3,2006,"剧情,爱情","美国, 中国大陆, 加拿大"
439,爱在暹罗,8.3,2007,"剧情,爱情,同性",泰国
440,相爱相亲,8.3,2017,"剧情,爱情,家庭","中国大陆, 中国台湾"
441,老无所依,8.3,2007,"犯罪,剧情,惊悚",美国
442,老男孩,8.3,2003,"剧情,动作,悬疑,惊悚",韩国
443,逃离德黑兰,8.3,2012,"剧情,惊悚,历史",美国
444,狗十三,8.2,2018,"剧情,家庭",中国大陆
445,盗火线,8.5,1995,"剧情,动作,犯罪,惊悚",美国
446,夜访吸血鬼,8.3,1994,"剧情,奇幻,惊悚",美国
447,暴裂无声,8.2,2018,"剧情,犯罪,悬疑",中国大陆
448,曾经,8.3,2007,"剧情,音乐,爱情",爱尔兰
449,百变狸猫,8.6,1994,"动画,喜剧,剧情,奇幻",日本
450,顽主,8.4,1989,"剧情,喜剧",中国大陆
451,春夏秋冬又一春,8.5,2003,剧情,"韩国, 德国"
452,芝加哥七君子审判,8.6,2020,"剧情,历史","美国, 英国, 印度"
453,紫日,8.5,2001,"剧情,战争",中国大陆
454,铁甲钢拳,8.3,2011,"剧情,动作,科幻,运动","美国, 印度"
455,无言的山丘,9.2,1992,"剧情,历史",中国台湾
456,换子疑云,8.4,2008,"剧情,悬疑,惊悚",美国
457,成为简·奥斯汀,8.3,2007,"传记,剧情,爱情","英国, 爱尔兰"
458,阳光小美女,8.3,2006,"剧情,喜剧,家庭",美国
459,天才枪手,8.2,2017,"剧情,犯罪,悬疑",泰国
460,穿普拉达的女王,8.2,2007,"剧情,喜剧","美国, 法国"
461,王牌对王牌,8.5,1998,"动作,犯罪,剧情,悬疑,惊悚","美国, 德国"
462,立春,8.3,2008,剧情,中国大陆
463,那年夏天，宁静的海,8.6,1991,"剧情,喜剧,爱情",日本
464,天才少女,8.3,2017,"剧情,家庭",美国
465,用心棒,9.0,1961,"剧情,动作,惊悚",日本
466,飓风营救,8.3,2008,"动作,犯罪,剧情,惊悚","法国, 美国, 英国"
467,魔鬼代言人,8.4,1997,"剧情,悬疑,惊悚","美国, 德国"
468,天狗,8.8,2006,剧情,中国大陆
469,走出非洲,8.6,1985,"冒险,传记,剧情,爱情",美国
470,无间道3：终极无间,8.2,2003,"剧情,犯罪,惊悚","中国大陆, 中国香港"
471,好家伙,8.5,1990,"剧情,传记,犯罪",美国
472,师父,8.2,2015,"剧情,动作,武侠",中国大陆
473,百元之恋,8.4,2014,"剧情,运动",日本
474,爱,8.6,2012,"剧情,爱情","法国, 德国, 奥地利"
475,为奴十二年,8.3,2013,"剧情,传记,历史","美国, 英国"
476,寂静人生,9.0,2013,剧情,"英国, 意大利"
477,幸福的拉扎罗,8.5,2018,"剧情,奇幻","意大利, 瑞士, 法国, 德国"
478,丹麦女孩,8.3,2015,"剧情,传记,爱情,同性","英国, 美国, 比利时, 丹麦, 德国"
479,茜茜公主,8.5,1955,"喜剧,剧情,历史,爱情",奥地利
480,狗镇,8.4,2003,"剧情,悬疑,惊悚","丹麦, 瑞典, 挪威, 芬兰, 英国, 法国, 德国, 荷兰, 意大利"
481,嘉年华,8.2,2017,剧情,"中国大陆, 法国"
482,生之欲,9.2,1952,剧情,日本
483,少年斯派维的奇异旅行,8.5,2013,"剧情,喜剧,冒险,家庭","法国, 加拿大"
484,弗里达,8.7,2002,"传记,剧情,爱情","美国, 墨西哥, 加拿大"
485,天浴,8.4,1998,剧情,"中国香港, 美国, 中国台湾"
486,伴你高飞,8.9,1996,"冒险,剧情,家庭",美国
487,单身男子,8.5,2009,"剧情,同性",美国
488,梁祝,8.4,1994,"剧情,爱情,奇幻,古装",中国香港
489,集结号,8.2,2007,"剧情,传记,历史,战争","中国大陆, 中国香港"
490,社交网络,8.2,2010,"剧情,传记",美国
491,追梦赤子心,8.8,1993,"传记,剧情,运动",美国
492,我的野蛮女友,8.2,2001,"剧情,喜剧,爱情",韩国
493,X战警：逆转未来,8.2,2014,"剧情,动作,科幻,冒险","美国, 英国"
494,12夜,8.3,2000,"剧情,爱情",中国香港
495,现代启示录,8.5,1979,"剧情,战争",美国
496,人鬼情未了,8.3,1990,"剧情,爱情,奇幻",美国
497,日落大道,8.8,1950,"剧情,黑色电影",美国
498,从海底出击,9.1,1981,"剧情,历史,战争,冒险",西德
499,猩球崛起,8.2,2011,"剧情,动作,科幻",美国
500,苏州河,8.2,2000,"剧情,爱情","中国大陆, 德国"
501,我的1919,8.6,1999,"剧情,传记,历史",中国大陆
502,绿洲,8.7,2002,"剧情,爱情",韩国
503,理智与情感,8.4,1995,"剧情,爱情","美国, 英国"
504,布达佩斯之恋,8.6,1999,"爱情,剧情","德国, 匈牙利"
505,月升王国,8.4,2012,"剧情,儿童",美国
506,独自等待,8.2,2005,"喜剧,爱情,剧情",中国大陆
507,红鳉鱼,9.0,2015,"剧情,传记",日本
508,斗牛,8.2,2009,"剧情,喜剧",中国大陆
509,无主之作,8.6,2018,剧情,"德国, 意大利"
510,东京家族,8.8,2013,"剧情,家庭",日本
511,X战警：第一战,8.2,2011,"动作,剧情,科幻","美国, 英国"
512,冒牌上尉,8.6,2017,"剧情,历史,战争","德国, 波兰, 法国"
513,那些年，我们一起追的女孩,8.1,2012,"剧情,喜剧,爱情",中国台湾
514,美国X档案,8.5,1998,"犯罪,剧情",美国
515,K星异客,8.5,2001,"剧情,科幻","美国, 德国"
516,苦月亮,8.4,1992,"剧情,爱情,惊悚,情色","法国, 英国"
517,爱情神话,8.1,2021,"剧情,喜剧,爱情",中国大陆
518,追风筝的人,8.2,2008,剧情,"美国, 中国大陆, 英国, 阿富汗"
519,一代宗师,8.1,2013,"剧情,传记,动作,爱情","中国大陆, 中国香港"
520,夜行者,8.3,2014,"剧情,犯罪,惊悚",美国
521,西线无战事,8.5,2022,"剧情,动作,战争","德国, 美国, 英国"
522,洗澡,8.4,1999,"剧情,喜剧,家庭",中国大陆
523,站台,8.4,2000,"剧情,历史","中国大陆, 中国香港, 日本, 法国"
524,雾中风景,9.0,1988,剧情,"希腊, 法国, 意大利"
525,天佑鲍比,8.9,2009,"剧情,传记,同性",美国
526,小岛惊魂,8.2,2001,"剧情,悬疑,恐怖","美国, 西班牙, 法国, 意大利"
527,天下无贼,8.1,2004,"动作,犯罪,剧情","中国大陆, 中国香港"
528,薄荷糖,8.6,1999,剧情,"韩国, 日本"
529,利刃出鞘,8.1,2019,"剧情,喜剧,犯罪,悬疑",美国
530,普罗旺斯的夏天,8.4,2014,"剧情,喜剧,家庭",法国
531,编舟记,8.6,2013,剧情,日本
532,云图,8.1,2013,"剧情,科幻,悬疑","德国, 美国, 中国香港, 中国大陆, 新加坡"
533,听说,8.1,2015,"剧情,爱情",中国台湾
534,八月迷情,8.3,2009,"剧情,音乐,爱情",美国
535,黑社会2：以和为贵,8.2,2006,"犯罪,剧情,惊悚",中国香港
536,洛奇,8.7,1976,"剧情,爱情,运动",美国
537,对她说,8.5,2002,"剧情,爱情",西班牙
538,乡愁,9.1,1983,剧情,"苏联, 意大利"
539,黑炮事件,8.7,1986,"剧情,喜剧",中国大陆
540,李米的猜想,8.1,2008,"犯罪,剧情,爱情","中国大陆, 中国香港"
541,我的父亲母亲,8.2,1999,"剧情,爱情",中国大陆
542,起风了,8.2,2013,"剧情,爱情,动画",日本
543,如晴天，似雨天,8.3,2014,"剧情,音乐",美国
544,情人,8.2,1992,"剧情,传记,爱情,情色","法国, 英国, 越南"
545,阿Q正传,8.7,1981,剧情,中国大陆
546,黄飞鸿之二：男儿当自强,8.2,1992,"剧情,动作,爱情,武侠,古装",中国香港
547,一九四二,8.1,2012,"剧情,历史,战争,灾难",中国大陆
548,铁拳男人,8.8,2005,"剧情,家庭,传记,运动",美国
549,巴黎，我爱你,8.3,2006,"剧情,喜剧,爱情","法国, 列支敦士登, 瑞士, 德国, 美国"
550,剃头匠,9.2,2006,"剧情,传记",中国大陆
551,山河故人,8.1,2015,"剧情,家庭","中国大陆, 法国, 日本"
552,战马,8.2,2012,"剧情,战争",美国
553,超时空接触,8.4,1997,"剧情,科幻,悬疑,惊悚",美国
554,卡比利亚之夜,9.1,1957,剧情,"意大利, 法国"
555,大决战之辽沈战役,9.0,1991,"剧情,历史,战争",中国大陆
556,一树梨花压海棠,8.2,1997,"剧情,爱情,情色","法国, 美国"
557,当哈利遇到莎莉,8.3,1989,"喜剧,剧情,爱情",美国
558,昨天,8.6,2001,"传记,剧情,音乐",中国大陆
559,雏菊,8.1,2006,"剧情,爱情","韩国, 中国香港"
560,跛豪,8.3,1991,"传记,犯罪,剧情",中国香港
561,花与爱丽丝,8.2,2004,"剧情,喜剧,爱情",日本
562,痛苦与荣耀,8.5,2019,"剧情,同性","西班牙, 法国"
563,革命之路,8.2,2008,"剧情,爱情","美国, 英国"
564,国际市场,8.5,2014,"剧情,家庭",韩国
565,蓝白红三部曲之白,8.4,1994,"喜剧,剧情,悬疑,爱情","法国, 波兰, 瑞士"
566,孤胆特工,8.2,2011,"剧情,动作,犯罪,惊悚",韩国
567,我是传奇,8.1,2007,"剧情,动作,惊悚,冒险",美国
568,华尔街之狼,8.1,2013,"剧情,传记,犯罪",美国
569,杰伊·比姆,8.7,2021,"剧情,犯罪",印度
570,菊豆,8.2,1990,剧情,"中国大陆, 日本"
571,养家之人,8.3,2019,"剧情,动画,家庭","爱尔兰, 加拿大, 卢森堡, 美国, 英国, 法国"
572,斯图尔特：倒带人生,8.7,2007,剧情,英国
573,关于我母亲的一切,8.6,1999,剧情,"西班牙, 法国"
574,杰出公民,8.4,2016,"剧情,喜剧","阿根廷, 西班牙"
575,燃烧,8.1,2018,"剧情,犯罪,悬疑",韩国
576,迷墙,8.8,1982,"剧情,动画,奇幻",英国
577,黑客帝国动画版,8.8,2003,"动作,剧情,动画,科幻","美国, 日本"
578,大象席地而坐,8.1,2018,剧情,中国大陆
579,艺术家,8.4,2012,"剧情,喜剧,爱情","法国, 比利时, 美国"
580,波斯语课,8.1,2021,剧情,"俄罗斯, 德国, 白俄罗斯"
581,梦,8.7,1990,"剧情,奇幻","日本, 美国"
582,空中监狱,8.2,1997,"剧情,动作,犯罪,惊悚",美国
583,心房客,8.5,2015,"剧情,喜剧",法国
584,永恒和一日,9.1,1998,剧情,"法国, 意大利, 希腊, 德国"
585,秋菊打官司,8.2,1992,剧情,"中国大陆, 中国香港"
586,无名之辈,8.0,2018,"剧情,喜剧",中国大陆
587,罪恶之家,8.3,2015,"剧情,悬疑",英国
588,无双,8.0,2018,"剧情,动作,犯罪,悬疑","中国大陆, 中国香港"
589,机动部队,8.2,2003,"犯罪,剧情",中国香港
590,大路,8.9,1954,剧情,意大利
591,湄公河行动,8.0,2016,"剧情,动作,犯罪","中国大陆, 中国香港"
592,她比烟花寂寞,8.3,1998,"传记,剧情,音乐",英国
593,精武门,8.5,1972,"动作,剧情,爱情,惊悚",中国香港
594,现在去见你,8.3,2018,"剧情,爱情,奇幻",韩国
595,大河恋,8.5,1992,"剧情,家庭",美国
596,逆光飞翔,8.2,2013,"剧情,爱情",中国台湾
597,小妇人,8.5,1994,"剧情,爱情,家庭","美国, 加拿大"
598,永不妥协,8.4,2000,"剧情,传记",美国
599,华盛顿邮报,8.3,2017,"剧情,传记,历史","美国, 英国"
600,玫瑰人生,8.4,2007,"剧情,传记,爱情,音乐","法国, 英国, 捷克"
601,大明劫,8.2,2013,"剧情,历史,古装",中国大陆
602,骗中骗,8.7,1973,"剧情,喜剧,犯罪",美国
603,哆啦A梦：伴我同行,8.1,2015,"剧情,动画",日本
604,焦土之城,8.6,2010,"剧情,战争,悬疑","加拿大, 法国"
605,黄飞鸿之三：狮王争霸,8.1,1992,"剧情,动作,武侠,古装","中国香港, 中国大陆"
606,不可饶恕,8.5,1992,"剧情,西部",美国
607,荒野猎人,8.0,2016,"剧情,动作,冒险","美国, 中国香港, 中国台湾"
608,南山的部长们,8.2,2020,"剧情,历史,惊悚",韩国
609,大地惊雷,8.3,2010,"剧情,西部,冒险",美国
610,天才瑞普利,8.2,1999,"剧情,犯罪,惊悚",美国
611,喜丧,8.8,2015,"剧情,家庭","中国大陆, 中国香港, 法国"
612,桃色公寓,8.8,1960,"爱情,喜剧,剧情",美国
613,德州巴黎,8.6,1984,剧情,"西德, 法国, 英国, 美国"
614,归来,8.0,2014,"剧情,历史,爱情",中国大陆
615,地久天长,8.0,2019,"剧情,家庭",中国大陆
616,了不起的盖茨比,8.0,2013,"剧情,爱情","澳大利亚, 美国"
617,西部往事,8.7,1968,"剧情,犯罪,西部","意大利, 美国"
618,黑暗中的舞者,8.2,2000,"剧情,歌舞","丹麦, 德国, 荷兰, 意大利, 美国, 英国, 法国, 瑞典, 芬兰, 冰岛, 阿根廷, 挪威, 中国台湾, 比利时"
619,火柴人,8.2,2003,"剧情,喜剧,犯罪","美国, 英国"
620,孔雀,8.1,2005,"剧情,家庭",中国大陆
621,龙纹身的女孩,8.1,2011,"剧情,犯罪,悬疑,惊悚","美国, 瑞典, 挪威"
622,蒂凡尼的早餐,8.1,1961,"喜剧,剧情,爱情",美国
623,新不了情,8.3,1993,"剧情,爱情",中国香港
624,诗,8.7,2010,剧情,韩国
625,教宗的承继,8.6,2019,"剧情,传记","英国, 意大利"
626,春风沉醉的夜晚,8.1,2009,"剧情,同性","中国大陆, 法国"
627,门徒,8.0,2007,"犯罪,剧情,惊悚",中国香港
628,罗马,8.2,2019,"剧情,家庭","墨西哥, 美国"
629,克莱默夫妇,8.5,1979,"剧情,家庭",美国
630,黑暗面,8.1,2011,"剧情,悬疑,惊悚","哥伦比亚, 西班牙"
631,点球成金,8.3,2011,"剧情,传记,运动",美国
632,暗杀,8.1,2015,"剧情,动作,历史,犯罪",韩国
633,风柜来的人,8.4,1990,剧情,中国台湾
634,濑户内海,8.3,2016,"剧情,喜剧",日本
635,母亲,8.3,2009,"剧情,犯罪,悬疑,惊悚",韩国
636,秋日奏鸣曲,9.1,1978,"剧情,家庭","瑞典, 西德, 英国"
637,猛龙过江,8.4,1972,"动作,喜剧,犯罪,剧情,惊悚",中国香港
638,小妇人,8.0,2020,"剧情,爱情",美国
639,冷山,8.2,2004,"剧情,爱情,战争","英国, 意大利, 罗马尼亚, 美国"
640,和声,8.5,2010,剧情,韩国
641,和莎莫的500天,8.0,2009,"剧情,喜剧,爱情",美国
642,戏梦巴黎,8.1,2003,"剧情,爱情,情色","法国, 英国, 意大利"
643,8英里,8.3,2002,"剧情,音乐","美国, 德国"
644,八部半,8.6,1963,剧情,"意大利, 法国"
645,杀死一只知更鸟,8.6,1962,"犯罪,剧情,悬疑",美国
646,季春奶奶,8.5,2016,"剧情,家庭",韩国
647,兹山鱼谱,8.8,2021,"剧情,历史,古装",韩国
648,海上花,8.2,1998,剧情,"中国台湾, 日本"
649,阿拉伯的劳伦斯,8.7,1962,"剧情,传记,冒险",英国
650,年轻气盛,8.2,2015,"剧情,喜剧","意大利, 法国, 瑞士, 英国"
651,黑皮书,8.4,2009,"剧情,惊悚,战争","荷兰, 德国, 英国, 比利时"
652,两生花,8.4,1991,"剧情,爱情,奇幻","法国, 波兰, 挪威"
653,蒙太奇,8.2,2013,"剧情,犯罪,惊悚",韩国
654,推拿,8.0,2014,剧情,"中国大陆, 法国"
655,不成问题的问题,8.1,2017,剧情,"中国大陆, 法国"
656,万能钥匙,8.0,2005,"剧情,悬疑,恐怖","美国, 德国"
657,狂怒,8.0,2014,"剧情,动作,战争","美国, 中国大陆, 英国"
658,妈妈再爱我一次,8.3,1988,"剧情,家庭",中国台湾
659,哀乐中年,9.3,1949,"剧情,爱情,家庭",中国大陆
660,危楼愚夫,8.4,2014,剧情,俄罗斯
661,勇往直前,8.3,2017,"剧情,传记,灾难",美国
662,七磅,8.2,2008,剧情,美国
663,无姓之人,8.2,2009,"剧情,爱情,科幻,奇幻","加拿大, 比利时, 法国, 德国"
664,荆轲刺秦王,8.2,1998,"剧情,历史,古装","中国大陆, 日本, 法国"
665,血色将至,8.4,2007,剧情,美国
666,赛末点,8.1,2005,"剧情,爱情,犯罪,悬疑","英国, 美国, 爱尔兰, 卢森堡"
667,初恋这首情歌,8.2,2020,"剧情,爱情,音乐","爱尔兰, 英国, 美国"
668,遇见你之前,8.0,2016,"剧情,爱情","英国, 美国"
669,十二怒汉（电视版）,9.5,1954,"剧情,犯罪,悬疑",美国
670,绝杀慕尼黑,8.1,2019,"剧情,运动",俄罗斯
671,镜子,9.0,1975,"传记,剧情,历史,战争",苏联
672,冬冬的假期,8.7,1984,"剧情,儿童",中国台湾
673,第一滴血,8.3,1982,"剧情,动作,冒险",美国
674,蝴蝶梦,8.3,1940,"剧情,爱情,悬疑",美国
675,危情十日,8.4,1990,"剧情,犯罪,惊悚",美国
676,卡特教练,8.6,2005,"剧情,运动","美国, 德国"
677,无依之地,8.1,2020,剧情,美国
678,狗咬狗,8.1,2006,"动作,犯罪,剧情,惊悚",中国香港
679,理查德·朱维尔的哀歌,8.2,2020,"剧情,传记,犯罪",美国
680,国家公敌,8.2,1998,"动作,剧情,惊悚",美国
681,贝利叶一家,8.4,2014,"剧情,喜剧,音乐,家庭","法国, 比利时"
682,志明与春娇,7.9,2010,"喜剧,剧情,爱情",中国香港
683,蝴蝶君,8.4,1993,"剧情,爱情,同性","美国, 加拿大"
684,通天塔,8.1,2007,剧情,"法国, 美国, 墨西哥"
685,海洋天堂,8.0,2010,剧情,"中国大陆, 中国香港"
686,珍珠港,8.0,2001,"剧情,历史,爱情,战争",美国
687,我脑中的橡皮擦,8.0,2004,"爱情,剧情",韩国
688,菲利普船长,8.2,2013,"剧情,传记,惊悚",美国
689,太极旗飘扬,8.3,2004,"动作,剧情,战争",韩国
690,风雨哈佛路,8.1,2003,"剧情,传记",美国
691,鸟人,8.0,2014,"剧情,喜剧","美国, 加拿大"
692,伊万的童年,8.8,1962,"剧情,战争",苏联
693,熊出没之过年,8.6,2013,"剧情,儿童,喜剧,动画,冒险,家庭",中国大陆
694,未知死亡,8.2,2008,"动作,剧情,悬疑,爱情,惊悚",印度
695,本命年,8.3,1990,"剧情,爱情",中国大陆
696,巴里·林登,8.8,1975,"剧情,爱情,战争","英国, 美国"
697,追凶者也,7.9,2016,"剧情,喜剧,犯罪",中国大陆
698,梦旅人,8.3,1996,"剧情,奇幻",日本
699,马路天使,8.6,1937,"剧情,喜剧",中国大陆
700,窈窕淑女,8.2,1964,"剧情,爱情,歌舞",美国
701,杀手没有假期,8.1,2008,"剧情,喜剧,犯罪","英国, 美国"
702,间谍之桥,8.2,2015,"剧情,传记,历史","美国, 德国, 印度"
703,侠女,8.6,1970,"剧情,动作,武侠,古装","中国台湾, 中国香港"
704,一天,7.9,2011,"剧情,爱情","美国, 英国"
705,大逃杀,8.0,2000,"剧情,惊悚",日本
706,我在雨中等你,8.4,2019,"剧情,喜剧,爱情,运动",美国
707,飞行家,8.1,2004,"剧情,传记","美国, 德国"
708,秋刀鱼之味,8.7,1962,"剧情,家庭",日本
709,天鹅绒金矿,8.4,1998,"剧情,同性,音乐","英国, 美国"
710,两小无猜,7.9,2003,"喜剧,剧情,爱情","法国, 比利时"
711,金色梦乡,8.3,2010,"剧情,悬疑",日本
712,偶滴神啊,8.4,2012,"剧情,喜剧",印度
713,127小时,8.1,2010,"剧情,传记,冒险","美国, 英国"
714,听见天堂,8.9,2006,剧情,意大利
715,对不起，我们错过了你,8.5,2019,"剧情,家庭","英国, 法国, 比利时"
716,喊·山,8.1,2016,"剧情,爱情,犯罪",中国大陆
717,光荣之路,8.6,2006,"剧情,传记,运动",美国
718,疤面煞星,8.3,1983,"犯罪,剧情,惊悚",美国
719,永远的三丁目的夕阳,8.8,2005,"剧情,家庭",日本
720,因父之名,8.8,1993,"传记,剧情","爱尔兰, 英国, 美国"
721,壁花少年,8.0,2012,"剧情,爱情",美国
722,海滩的一天,8.5,1983,"剧情,爱情",中国台湾
723,人生密密缝,8.5,2017,"剧情,同性,家庭",日本
724,附注：我爱你,8.1,2007,"剧情,爱情",美国
725,醉乡民谣,8.1,2013,"剧情,音乐","美国, 英国, 法国"
726,夏目友人帐,8.0,2019,"剧情,动画,奇幻",日本
727,最后的决斗,8.3,2021,"剧情,历史","美国, 英国"
728,摩托日记,8.5,2004,"冒险,传记,剧情","阿根廷, 美国, 智利, 秘鲁, 巴西, 英国, 德国, 法国"
729,内布拉斯加,8.6,2013,"剧情,喜剧,家庭",美国
730,情枭的黎明,8.7,1993,"犯罪,剧情,惊悚",美国
731,精疲力尽,8.4,1960,"剧情,爱情,犯罪",法国
732,赌侠,7.9,1990,"剧情,喜剧",中国香港
733,十二怒汉,9.2,1997,"剧情,犯罪",美国
734,激战,7.9,2013,"剧情,动作,运动","中国香港, 中国大陆"
735,毕业生,8.0,1967,"剧情,喜剧,爱情",美国
736,十月的天空,8.7,1999,"传记,剧情,家庭",美国
737,喋血街头,8.2,1990,"剧情,动作,犯罪,惊悚",中国香港
738,回家的路,8.5,2013,"剧情,犯罪,家庭",韩国
739,谜一样的双眼,8.2,2009,"剧情,爱情,犯罪,悬疑","阿根廷, 西班牙"
740,伯德小姐,7.9,2017,"剧情,家庭",美国
741,我和厄尔以及将死的女孩,8.2,2015,"剧情,喜剧",美国
742,金鸡,8.1,2002,"剧情,喜剧",中国香港
743,空房间,8.0,2004,"剧情,爱情,犯罪",韩国
744,第七封印,8.5,1957,"剧情,奇幻",瑞典
745,交响情人梦 最终乐章 后篇,8.8,2010,剧情,日本
746,路边野餐,7.9,2016,剧情,中国大陆
747,给桃子的信,8.3,2011,"剧情,动画",日本
748,狐妖小红娘剧场版：王权富贵,9.3,2016,"剧情,喜剧,爱情,动画",中国大陆
749,局内人,8.1,2015,"剧情,动作,犯罪,惊悚",韩国
750,男人四十,8.1,2002,剧情,中国香港
751,囚徒,8.1,2013,"剧情,犯罪,悬疑",美国
752,我的名字叫可汗,8.4,2010,"剧情,爱情",印度
753,祝你好运，里奥·格兰德,8.2,2022,"剧情,喜剧",英国
754,唐人街,8.4,1974,"犯罪,剧情,悬疑,惊悚",美国
755,水牛城66,8.5,1998,"喜剧,犯罪,剧情,爱情","美国, 加拿大"
756,佛罗里达乐园,8.1,2017,"剧情,儿童",美国
757,朱莉与朱莉娅,8.1,2009,"剧情,传记",美国
758,青之炎,8.7,2003,"剧情,犯罪,爱情",日本
759,刺杀肯尼迪,8.8,1991,"传记,剧情,历史,悬疑,惊悚","美国, 法国"
760,春天的故事,8.4,1990,"喜剧,剧情,爱情",法国
761,孤味,8.0,2020,"剧情,家庭",中国台湾
762,蓝色茉莉,8.0,2013,"剧情,家庭",美国
763,唐山大地震,7.8,2010,"剧情,历史,灾难","中国大陆, 中国香港"
764,头文字D,7.8,2005,"剧情,动作","中国香港, 日本"
765,大开眼戒,8.0,1999,"剧情,悬疑,惊悚,情色","英国, 美国"
766,叶问,7.8,2008,"动作,传记,剧情,历史","中国香港, 中国大陆"
767,心之全蚀,8.2,1995,"剧情,传记,爱情,同性","英国, 法国, 比利时"
768,听到涛声,8.2,1993,"剧情,爱情,动画",日本
769,朱诺,7.9,2007,"剧情,喜剧,爱情","美国, 加拿大"
770,花木兰,7.9,1998,"动画,冒险,剧情,家庭",美国
771,全民目击,7.8,2013,"剧情,犯罪,悬疑",中国大陆
772,海鸥食堂,8.3,2006,"喜剧,剧情",日本
773,西雅图未眠夜,7.9,1993,"喜剧,爱情,剧情",美国
774,潘神的迷宫,7.9,2006,"剧情,战争,奇幻","西班牙, 墨西哥, 美国"
775,新警察故事,7.8,2004,"动作,犯罪,剧情,惊悚","中国大陆, 中国香港"
776,将军号,9.1,1926,"剧情,喜剧,动作,战争,冒险",美国
777,柏林苍穹下,8.6,1987,"奇幻,剧情,爱情","西德, 法国"
778,熊的故事,9.1,1988,剧情,"法国, 美国"
779,阳光姐妹淘,8.3,2018,"剧情,喜剧,歌舞",日本
780,弗兰西丝·哈,8.4,2012,"剧情,喜剧",美国
781,惊天魔盗团,7.8,2013,"剧情,犯罪,悬疑","美国, 法国"
782,给爸爸的信,8.0,1995,"剧情,动作,犯罪","中国香港, 中国大陆"
783,气球,8.4,2018,"剧情,历史,惊悚",德国
784,香港制造,8.2,1997,"剧情,爱情,犯罪",中国香港
785,在云端,7.9,2009,"剧情,喜剧,爱情",美国
786,偶然与想象,8.3,2021,"剧情,爱情",日本
787,妇女参政论者,8.7,2015,"剧情,传记,历史",英国
788,上帝之国,8.4,2017,"剧情,爱情,同性",英国
789,起跑线,7.9,2018,"剧情,喜剧",印度
790,金氏漂流记,8.3,2009,"剧情,爱情",韩国
791,星月童话,8.2,1999,"剧情,爱情,惊悚","中国香港, 日本"
792,摩加迪沙,8.1,2021,"剧情,动作",韩国
793,我自己的爱达荷,8.3,1991,"剧情,爱情,同性",美国
794,降临,7.8,2017,"剧情,科幻","美国, 加拿大"
795,流浪猫鲍勃,7.9,2018,"剧情,喜剧,传记",英国
796,隧道,7.9,2016,剧情,韩国
797,平常的心,8.4,2014,"剧情,历史,同性",美国
798,十分钟年华老去：小号篇,8.5,2002,剧情,"西班牙, 英国, 德国, 芬兰, 中国大陆, 美国"
799,他其实没那么喜欢你,7.8,2009,"喜剧,剧情,爱情","美国, 德国, 荷兰"
800,成为约翰·马尔科维奇,8.3,1999,"喜剧,剧情,奇幻,爱情",美国
801,杀生,7.8,2012,"剧情,悬疑",中国大陆
802,同学麦娜丝,7.9,2020,"剧情,喜剧",中国台湾
803,杀戮,8.2,2011,"剧情,喜剧","法国, 德国, 波兰, 西班牙"
804,丈夫得了抑郁症,8.2,2011,"剧情,爱情,家庭",日本
805,招魂2,7.9,2016,"剧情,悬疑,恐怖","加拿大, 美国, 英国"
806,愤怒的公牛,8.4,1980,"剧情,传记,运动",美国
807,一念无明,7.9,2017,"剧情,家庭",中国香港
808,旺角卡门,7.8,1988,"犯罪,剧情,爱情",中国香港
809,沦落人,8.2,2018,剧情,中国香港
810,木乃伊,7.9,1999,"剧情,动作,奇幻,冒险","美国, 英国, 摩洛哥"
811,麦兜，菠萝油王子,8.1,2004,"剧情,喜剧,动画",中国香港
812,放大,8.5,1966,"剧情,悬疑,惊悚","英国, 意大利"
813,流感,7.8,2013,"剧情,动作,冒险",韩国
814,光棍儿,8.1,2011,"剧情,喜剧,同性",中国大陆
815,契克,8.4,2016,"剧情,喜剧",德国
816,我杀了我妈妈,8.3,2009,"剧情,传记,同性,家庭",加拿大
817,钢琴课,8.1,1993,"剧情,爱情,音乐","新西兰, 澳大利亚, 法国"
818,小男孩,8.3,2015,"剧情,喜剧,战争","墨西哥, 美国"
819,虞美人盛开的山坡,8.0,2011,"剧情,动画",日本
820,守法公民,8.0,2009,"剧情,动作,犯罪",美国
821,你好，李焕英,7.7,2021,"剧情,喜剧,奇幻",中国大陆
822,非常主播,7.9,2009,"喜剧,剧情,音乐",韩国
823,浪客剑心,8.1,2012,"剧情,动作,古装",日本
824,危情三日,8.1,2011,"剧情,动作,爱情,犯罪,惊悚","美国, 法国"
825,浓情巧克力,8.0,2000,"剧情,爱情","英国, 美国"
826,每分钟120击,8.4,2017,"剧情,同性",法国
827,关于莉莉周的一切,7.9,2001,剧情,日本
828,新少林五祖,7.9,1994,"剧情,动作,冒险,武侠,古装",中国香港
829,祈祷落幕时,7.9,2019,"剧情,悬疑",日本
830,大决战之淮海战役,8.8,1991,"剧情,历史,战争",中国大陆
831,西伯利亚的理发师,8.6,1998,"喜剧,剧情,爱情","俄罗斯, 法国, 意大利, 捷克"
832,转山,7.9,2011,"剧情,冒险","中国大陆, 中国台湾"
833,芳华,7.7,2017,"剧情,历史,战争",中国大陆
834,木偶奇遇记,8.4,1940,"剧情,动画,奇幻,音乐",美国
835,看上去很美,7.9,2006,"喜剧,剧情","中国大陆, 意大利"
836,半生缘,7.9,1997,"剧情,爱情","中国香港, 中国大陆"
837,东京塔,8.7,2007,"剧情,家庭",日本
838,花魁,8.1,2007,"剧情,历史",日本
839,本能,7.9,1992,"剧情,悬疑,惊悚","美国, 法国"
840,平原上的夏洛克,7.8,2019,"剧情,喜剧,悬疑",中国大陆
841,恶人传,7.8,2019,"剧情,动作,犯罪",韩国
842,秋天的故事,8.5,1998,"剧情,爱情",法国
843,骆驼祥子,8.4,1982,剧情,中国大陆
844,两小无猜,8.5,1971,"剧情,爱情",英国
845,奇幻森林,7.8,2016,"剧情,奇幻,冒险","英国, 美国"
846,黄昏的清兵卫,8.8,2002,"剧情,历史,爱情",日本
847,夺宝奇兵3,8.2,1989,"剧情,动作,奇幻,冒险",美国
848,姊姊妹妹站起来,9.1,1951,剧情,中国大陆
849,绣春刀,7.7,2014,"剧情,动作,武侠,古装",中国大陆
850,天使之城,7.9,1998,"剧情,爱情,奇幻","美国, 德国"
851,硫磺岛的来信,8.2,2006,"剧情,历史,战争",美国
852,高地战,8.5,2011,"剧情,战争",韩国
853,活埋,7.9,2010,"剧情,悬疑,惊悚","西班牙, 英国, 美国, 法国"
854,解救吾先生,7.7,2015,"剧情,犯罪",中国大陆
855,喜福会,8.4,1993,"剧情,爱情",美国
856,智取威虎山,7.7,2014,"剧情,动作,战争,冒险","中国大陆, 中国香港"
857,罗曼蒂克消亡史,7.7,2016,剧情,"中国大陆, 中国香港"
858,布拉格之恋,8.2,1988,"剧情,爱情",美国
859,男与女,8.1,2016,"剧情,爱情",韩国
860,与神同行：罪与罚,7.8,2017,"剧情,奇幻",韩国
861,铁皮鼓,8.3,1979,"剧情,历史,战争","西德, 波兰, 法国, 南斯拉夫"
862,每当变幻时,8.0,2007,"喜剧,剧情,爱情","中国大陆, 中国香港"
863,宾虚,8.7,1959,"剧情,动作,历史,战争,冒险",美国
864,祖与占,8.4,1962,"剧情,爱情",法国
865,迫在眉梢,8.3,2002,"剧情,犯罪,惊悚",美国
866,恐袭波士顿,8.0,2017,"剧情,历史,惊悚",美国
867,午夜巴塞罗那,7.8,2008,"剧情,爱情","西班牙, 美国"
868,神奇动物在哪里,7.7,2016,"剧情,奇幻,冒险","英国, 美国"
869,刀,8.1,1995,"剧情,动作,武侠","中国香港, 中国大陆"
870,芬妮的旅程,8.6,2016,"剧情,战争","法国, 比利时"
871,怒火救援,8.1,2004,"动作,剧情,惊悚","美国, 英国"
872,沙丘,7.7,2021,"剧情,科幻,冒险",美国
873,过春天,7.7,2019,剧情,中国大陆
874,狙击手,7.7,2022,"剧情,历史,战争",中国大陆
875,托斯卡纳艳阳下,8.1,2003,"喜剧,剧情,爱情","美国, 意大利"
876,十月围城,7.7,2009,"动作,剧情,历史","中国香港, 中国大陆"
877,骡子,7.9,2019,"剧情,犯罪",美国
878,第六感生死缘,8.0,1998,"剧情,奇幻,悬疑,爱情",美国
879,迷失东京,7.8,2003,"剧情,爱情","美国, 日本"
880,倒数时刻,8.2,2021,"剧情,传记,歌舞",美国
881,红磨坊,7.9,2001,"剧情,歌舞,爱情","澳大利亚, 美国"
882,唐顿庄园,8.0,2019,剧情,"英国, 美国"
883,练习曲,8.0,2006,剧情,中国台湾
884,艋舺,7.7,2010,"剧情,动作,犯罪",中国台湾
885,一秒钟,7.7,2020,剧情,中国大陆
886,处女泉,8.6,1960,"犯罪,剧情",瑞典
887,欢迎来到东莫村,8.2,2005,"喜剧,剧情,战争",韩国
888,十七岁的单车,7.8,2001,剧情,"中国大陆, 中国台湾, 法国"
889,白兔糖,8.0,2011,"剧情,喜剧",日本
890,边境风云,7.8,2012,"剧情,犯罪",中国大陆
891,裁缝,7.9,2015,剧情,澳大利亚
892,投奔怒海,8.5,1982,剧情,中国香港
893,灰猎犬号,7.8,2020,"剧情,战争","美国, 加拿大, 中国大陆"
894,如果·爱,7.7,2005,"剧情,歌舞,爱情","中国大陆, 中国香港, 马来西亚"
895,寻枪,7.8,2002,"犯罪,剧情,悬疑",中国大陆
896,癫佬正传,8.6,1986,剧情,中国香港
897,投名状,7.7,2007,"剧情,动作,战争,古装","中国大陆, 中国香港"
898,神秘巨星,7.7,2018,"剧情,音乐",印度
899,2046,7.7,2004,"剧情,爱情,奇幻","中国香港, 中国大陆, 法国, 意大利, 德国"
900,罗斯玛丽的婴儿,8.2,1968,"剧情,恐怖",美国
901,玻璃之城,7.9,1998,"剧情,爱情",中国香港
902,中南海保镖,7.8,1994,"剧情,动作",中国香港
903,奇迹,8.1,1989,"动作,喜剧,犯罪,剧情",中国香港
904,假面,8.8,1966,"剧情,惊悚",瑞典
905,欲望号街车,8.4,1951,剧情,美国
906,一条狗的使命,7.7,2017,"剧情,喜剧,家庭",美国
907,青春梦工场,8.0,2005,"喜剧,剧情,爱情",中国香港
908,姐姐的守护者,8.2,2009,"剧情,家庭",美国
909,布鲁克林,7.9,2015,"剧情,爱情","英国, 加拿大, 爱尔兰"
910,米尔克,8.3,2008,"剧情,传记,同性",美国
911,地雷战,8.1,1963,"剧情,战争",中国大陆
912,拆弹部队,7.8,2008,"剧情,惊悚,战争",美国
913,裂缝,8.0,2009,"剧情,惊悚","英国, 爱尔兰, 西班牙, 法国, 瑞士"
914,冰血暴,8.0,1996,"犯罪,剧情,惊悚","美国, 英国"
915,只是爱着你,7.9,2006,"剧情,爱情",日本
916,夜半歌声,7.9,1995,"剧情,爱情,惊悚,音乐","中国香港, 中国大陆, 新加坡"
917,不能没有你,8.2,2009,"剧情,家庭",中国台湾
918,训练日,8.0,2001,"犯罪,剧情,惊悚",美国
919,戴珍珠耳环的少女,7.8,2003,"传记,剧情,爱情","英国, 卢森堡, 法国, 比利时, 美国"
920,光荣的愤怒,8.2,2006,剧情,中国大陆
921,椿三十郎,8.8,1962,"剧情,喜剧,动作,犯罪,惊悚",日本
922,一个勺子,7.7,2015,"剧情,喜剧",中国大陆
923,天生杀人狂,7.9,1994,"剧情,动作,犯罪",美国
924,偷心,7.8,2004,"剧情,爱情","美国, 英国"
925,我和我的祖国,7.6,2019,剧情,中国大陆
926,何处是我朋友的家,8.9,1987,剧情,伊朗
927,猩球崛起2：黎明之战,7.7,2014,"剧情,动作,科幻",美国
928,巴尔扎克与小裁缝,8.0,2002,"传记,剧情,爱情","中国大陆, 法国"
929,婚姻生活,9.1,1973,"剧情,爱情",瑞典
930,漫长的婚约,8.1,2004,"剧情,悬疑,爱情,战争","法国, 美国"
931,蓝莓之夜,7.7,2007,"剧情,爱情","美国, 法国, 中国大陆, 中国香港"
932,锅匠，裁缝，士兵，间谍,7.9,2011,"剧情,悬疑,惊悚","英国, 法国, 德国"
933,孩子王,8.2,1987,剧情,中国大陆
934,黑金,7.8,1997,"剧情,动作,犯罪",中国香港
935,女性瘾者：第一部,7.9,2013,"剧情,情色","丹麦, 德国, 法国, 比利时, 英国"
936,小鹿斑比,8.6,1942,"剧情,动画",美国
937,潜行者,8.8,1980,"剧情,科幻,悬疑",苏联
938,悬崖之上,7.6,2021,"剧情,动作,悬疑","中国大陆, 中国香港"
939,鲁冰花,8.8,1989,"家庭,剧情",中国台湾
940,突袭2：暴徒,8.1,2014,"剧情,动作,犯罪","印度尼西亚, 美国"
941,冬天的故事,8.5,1992,"剧情,爱情",法国
942,纯真年代,8.2,1993,"剧情,爱情",美国
943,星运里的错,7.9,2014,"剧情,爱情",美国
944,七月与安生,7.6,2016,"剧情,爱情","中国大陆, 中国香港"
945,中国合伙人,7.6,2013,剧情,"中国大陆, 中国香港"
946,将来的事,8.2,2016,剧情,"法国, 德国"
947,猜火车2,8.0,2017,"剧情,犯罪",英国
948,生死狙击,7.8,2007,"剧情,动作,惊悚",美国
949,五亿探长雷洛传1：雷老虎,7.9,1991,"动作,犯罪,剧情,爱情",中国香港
950,耳朵大有福,8.1,2008,"剧情,喜剧,家庭","中国大陆, 韩国"
951,爱再来一次,8.0,2004,"喜剧,剧情,奇幻,爱情","美国, 英国"
952,理发师陶德,7.8,2007,"剧情,恐怖,歌舞","美国, 英国"
953,夏天的故事,8.3,1996,"剧情,爱情",法国
954,弗兰兹,8.4,2016,"剧情,历史,爱情,战争","法国, 德国"
955,冈仁波齐,7.7,2017,剧情,中国大陆
956,狗狗与我的十个约定,8.1,2009,"剧情,喜剧,爱情",日本
957,红河谷,7.9,1999,"剧情,历史,爱情,战争",中国大陆
958,借着雨点说爱你,8.5,2004,"剧情,奇幻,爱情",日本
959,华尔街,8.2,1987,"犯罪,剧情",美国
960,不夜城,8.3,1998,"剧情,爱情","中国香港, 日本"
961,成事在人,8.3,2009,"传记,剧情,历史,运动",美国
962,边境杀手,7.7,2015,"剧情,犯罪,惊悚","美国, 墨西哥, 中国香港"
963,暖春,8.1,2003,"剧情,家庭",中国大陆
964,时间旅行者的妻子,7.7,2009,"剧情,奇幻,悬疑,爱情",美国
965,飞鹰艾迪,8.1,2016,"剧情,喜剧,传记,运动","英国, 美国, 德国"
966,一个都不能少,7.7,1999,剧情,中国大陆
967,双瞳,7.7,2002,"剧情,犯罪,悬疑,惊悚","中国香港, 中国台湾"
968,信条,7.6,2020,"剧情,动作,科幻","美国, 英国"
969,深夜食堂电影版,7.9,2014,剧情,日本
970,续命之徒：绝命毒师电影,8.0,2019,"剧情,犯罪,惊悚",美国
971,喊山,8.4,2013,剧情,中国大陆
972,白日焰火,7.6,2014,"剧情,犯罪,悬疑",中国大陆
973,双重赔偿,8.5,1944,"剧情,犯罪,悬疑,惊悚,黑色电影",美国
974,赴汤蹈火,8.1,2016,"剧情,犯罪,西部",美国
975,夜奔,8.2,2000,"剧情,爱情,同性","中国台湾, 中国大陆"
976,寒战,7.6,2012,"剧情,动作,犯罪","中国香港, 中国大陆"
977,幸运是我,8.0,2016,"剧情,家庭","中国香港, 中国大陆"
978,吉祥如意,7.7,2021,"剧情,家庭",中国大陆
979,居家男人,8.2,2000,"剧情,喜剧,爱情,家庭,奇幻",美国
980,澄沙之味,8.3,2015,剧情,"日本, 法国, 德国"
981,人生遥控器,7.8,2007,"剧情,喜剧,家庭,奇幻",美国
982,英雄,7.6,2002,"剧情,动作,武侠,古装","中国大陆, 中国香港"
983,金猴降妖,9.2,1985,"剧情,动画,奇幻",中国大陆
984,孤独的幸存者,8.1,2013,"剧情,传记,动作,战争","美国, 英国"
985,驾驶我的车,7.9,2021,剧情,日本
986,看见恶魔,7.9,2010,"剧情,犯罪,惊悚",韩国
987,茜茜公主2,8.4,1956,"剧情,历史,爱情",奥地利
988,大决战之平津战役,8.8,1992,"剧情,历史,战争",中国大陆
989,窃听风云,7.6,2009,"动作,剧情,惊悚","中国香港, 中国大陆, 新加坡"
990,摇摆狂潮,8.2,2018,"剧情,战争,歌舞",韩国
991,浪客剑心：传说的完结篇,8.2,2014,"剧情,动作",日本
992,摔角王,8.3,2008,"剧情,传记,运动","美国, 法国"
993,暮光之城,7.6,2009,"剧情,爱情,惊悚,奇幻",美国
994,扫毒,7.6,2013,"剧情,动作,犯罪,悬疑","中国大陆, 中国香港"
995,娜娜,7.8,2005,"剧情,音乐",日本
996,人狗奇缘,8.4,2006,"剧情,儿童",韩国
997,甘地传,8.5,1982,"传记,剧情,历史","英国, 印度, 美国"
998,海角七号,7.6,2009,"喜剧,剧情,爱情",中国台湾
999,飞向太空,8.7,1972,"剧情,科幻,悬疑",苏联
1000,雪国列车,7.6,2014,"剧情,动作,科幻","韩国, 捷克"
1001,日日是好日,8.2,2018,剧情,日本
1002,雨果,7.7,2012,"剧情,儿童,奇幻,冒险","英国, 美国, 法国"
1003,绝美之城,8.2,2013,剧情,"意大利, 法国"
1004,窃听风云2,7.6,2011,"剧情,动作,犯罪,悬疑","中国香港, 中国大陆"
1005,忘不了,7.8,2003,"剧情,爱情",中国香港
1006,马戏之王,7.7,2018,"剧情,传记,歌舞",美国
1007,浪客剑心 最终章 追忆篇,8.5,2021,"剧情,动作,冒险",日本
1008,007：大战皇家赌场,7.7,2007,"剧情,动作,惊悚,冒险","英国, 捷克, 美国, 德国, 巴哈马"
1009,大佬,8.4,2000,"犯罪,剧情,惊悚","日本, 英国, 美国"
1010,处子之山,8.5,2015,"剧情,爱情","冰岛, 丹麦"
1011,小委托人,8.1,2019,"剧情,犯罪",韩国
1012,爱情短片,8.8,1988,"剧情,爱情",波兰
1013,客途秋恨,8.5,1990,"剧情,家庭","中国香港, 中国台湾"
1014,赌城风云,8.3,1995,"传记,犯罪,剧情","美国, 法国"
1015,摇摆少女,8.4,2004,"剧情,喜剧,音乐",日本
1016,交响情人梦 最终乐章 前篇,8.5,2009,"喜剧,剧情,音乐",日本
1017,总有一天,8.7,2016,剧情,丹麦
1018,上车走吧,8.1,2000,剧情,中国大陆
1019,乌云背后的幸福线,7.7,2012,"剧情,喜剧,爱情,家庭",美国
1020,古惑仔2之猛龙过江,7.7,1996,"动作,剧情",中国香港
1021,没完没了,7.7,1999,"剧情,喜剧",中国大陆
1022,朝圣之路,8.4,2010,"剧情,喜剧,冒险","美国, 西班牙"
1023,东方快车谋杀案,8.2,2010,"剧情,犯罪,悬疑",英国
1024,古惑仔3之只手遮天,7.7,1996,"动作,剧情",中国香港
1025,踏血寻梅,7.6,2015,"剧情,犯罪,悬疑",中国香港
1026,热带鱼,8.7,1995,"喜剧,剧情",中国台湾
1027,鳄鱼波鞋走天涯,9.1,1995,"剧情,儿童",美国
1028,小飞侠彼得潘,8.2,2003,"剧情,儿童,奇幻,冒险","英国, 澳大利亚, 美国, 新西兰"
1029,我家买了动物园,7.8,2011,"剧情,喜剧,家庭",美国
1030,紫色,8.7,1985,剧情,美国
1031,爱情是狗娘,8.2,2000,"剧情,惊悚",墨西哥
1032,金色池塘,8.8,1982,"剧情,家庭","英国, 美国"
1033,地球之夜,8.2,1991,"喜剧,剧情","法国, 英国, 德国, 美国, 日本"
1034,依然爱丽丝,8.0,2014,剧情,"美国, 法国"
1035,南京！南京！,7.6,2009,"剧情,历史,战争","中国大陆, 中国香港"
1036,迷恋荷尔蒙,8.6,2003,"剧情,爱情,犯罪,同性","美国, 加拿大"
1037,悲惨世界,8.1,2019,"剧情,犯罪",法国
1038,和你在一起,7.9,2002,"剧情,音乐",中国大陆
1039,十三条命,8.5,2022,"剧情,传记,惊悚","美国, 加拿大, 英国"
1040,误杀,7.5,2019,"剧情,犯罪,悬疑",中国大陆
1041,汉江怪物,7.6,2007,"剧情,动作,科幻,恐怖",韩国
1042,歌舞青春,7.7,2006,"剧情,喜剧",美国
1043,战舰波将金号,8.7,1925,"剧情,历史,战争",苏联
1044,八佰,7.5,2020,"剧情,历史,战争",中国大陆
1045,处刑人,8.2,1999,"动作,犯罪,剧情,惊悚","美国, 加拿大"
1046,老炮儿,7.5,2015,"剧情,犯罪",中国大陆
1047,美国田园下的罪恶,8.3,2007,"犯罪,剧情",美国
1048,无问西东,7.5,2018,"剧情,爱情,战争",中国大陆
1049,气球,7.7,2020,剧情,中国大陆
1050,犬之力,7.9,2021,"剧情,西部,同性","英国, 澳大利亚, 美国, 加拿大, 新西兰"
1051,爱有来生,7.7,2009,"剧情,爱情",中国大陆
1052,非常突然,8.0,1998,"犯罪,剧情",中国香港
1053,可爱的你,7.9,2015,剧情,"中国香港, 中国大陆"
1054,艺伎回忆录,7.6,2005,"剧情,爱情",美国
1055,朱丽叶与梁山伯,8.2,2000,"剧情,爱情",中国香港
1056,奔腾年代,8.4,2003,"剧情,历史,运动",美国
1057,瑞士军刀男,7.8,2016,"剧情,喜剧,爱情,奇幻",美国
1058,无主之地,8.6,2001,"剧情,战争","波黑, 斯洛文尼亚, 意大利, 法国, 英国, 比利时"
1059,第36个故事,7.6,2010,"喜剧,剧情",中国台湾
1060,保镖,7.9,1992,"剧情,动作,爱情,惊悚,音乐",美国
1061,杀破狼,7.6,2005,"剧情,动作,犯罪","中国香港, 中国澳门"
1062,狂人皮埃罗,8.4,1965,"剧情,爱情,犯罪","法国, 意大利"
1063,新宿事件,7.6,2009,"剧情,犯罪",中国香港
1064,法官老爹,8.0,2014,剧情,美国
1065,一个陌生女人的来信,7.6,2005,"剧情,爱情",中国大陆
1066,回归,8.2,2006,"喜剧,犯罪,剧情,悬疑",西班牙
1067,猎鹿人,8.4,1978,"剧情,战争",美国
1068,小公主,8.5,1995,"剧情,奇幻",美国
1069,史崔特先生的故事,8.6,1999,"剧情,传记","法国, 英国, 美国"
1070,分手的决心,7.6,2022,"剧情,犯罪,悬疑",韩国
1071,宝贝计划,7.5,2006,"动作,喜剧,剧情","中国香港, 中国大陆"
1072,想飞的钢琴少年,8.6,2010,"剧情,音乐",瑞士
1073,洛丽塔,7.8,1962,"剧情,爱情,情色","美国, 英国"
1074,宿敌,8.6,2022,剧情,印度
1075,天空之眼,7.8,2017,"剧情,战争","英国, 加拿大"
1076,最后的武士,7.9,2003,"动作,冒险,剧情,历史,战争","美国, 新西兰, 日本"
1077,帕特森,8.1,2016,剧情,"美国, 法国, 德国"
1078,爱情万岁,8.0,1994,"剧情,同性",中国台湾
1079,女性瘾者：第二部,7.9,2013,"剧情,情色","丹麦, 德国, 比利时, 英国, 法国, 瑞典"
1080,香火,8.4,2003,剧情,中国大陆
1081,猎杀U-571,8.1,2000,"动作,剧情,战争","法国, 美国"
1082,大白鲨,7.8,1975,"剧情,惊悚,冒险",美国
1083,军舰岛,7.9,2017,"剧情,动作,历史",韩国
1084,不良教育,8.3,2004,"剧情,犯罪,悬疑,惊悚,同性",西班牙
1085,西线无战事,8.9,1930,"剧情,动作,历史,战争",美国
1086,仙境之桥,7.9,2009,"剧情,奇幻,冒险",美国
1087,成长教育,7.7,2009,剧情,"美国, 英国"
1088,监狱风云2：逃犯,7.9,1991,"剧情,动作,犯罪",中国香港
1089,我要复仇,7.9,2002,"剧情,动作,惊悚",韩国
1090,新桥恋人,8.1,1991,"剧情,爱情",法国
1091,蓝色情人节,7.8,2010,"剧情,爱情",美国
1092,八月照相馆,8.0,1998,"剧情,爱情",韩国
1093,甜蜜的生活,8.6,1960,"剧情,喜剧","意大利, 法国"
1094,狐狸与我,8.5,2007,"剧情,儿童,冒险",法国
1095,男孩别哭,8.2,1999,"剧情,爱情,犯罪",美国
1096,呼喊与细语,8.6,1972,"剧情,爱情",瑞典
1097,老手,7.7,2015,"剧情,动作,犯罪",韩国
1098,金矿,8.2,2016,"剧情,惊悚,冒险",美国
1099,飞越老人院,7.8,2012,"剧情,喜剧",中国大陆
1100,神秘河,7.9,2003,"犯罪,剧情,悬疑,惊悚","美国, 澳大利亚"
1101,她,7.7,2016,"剧情,惊悚","法国, 德国, 比利时"
1102,曼哈顿,8.3,1979,"喜剧,剧情,爱情",美国
1103,决战中途岛,7.5,2019,"剧情,历史,战争","中国大陆, 中国香港, 加拿大, 美国"
1104,边缘日记,8.2,1995,"传记,犯罪,剧情,运动",美国
1105,12怒汉：大审判,8.4,2007,"剧情,悬疑",俄罗斯
1106,毒战,7.5,2013,"剧情,动作,犯罪","中国大陆, 中国香港"
1107,野战排,8.2,1986,"动作,剧情,战争","美国, 英国"
1108,辣手神探,7.9,1992,"动作,犯罪,剧情,惊悚",中国香港
1109,与犯罪的战争：坏家伙的全盛时代,7.9,2012,"剧情,犯罪",韩国
1110,四月三周两天,8.3,2007,剧情,罗马尼亚
1111,为黛西小姐开车,8.3,1989,"喜剧,剧情",美国
1112,我，花样女王,7.9,2017,"剧情,喜剧,传记,运动","英国, 美国, 卡塔尔"
1113,酒精计划,7.8,2020,"剧情,喜剧","丹麦, 瑞典, 荷兰"
1114,套装,7.9,2022,"剧情,犯罪,惊悚",美国
1115,最好的时光,7.6,2005,"剧情,爱情",中国台湾
1116,超市夜未眠,7.7,2006,"喜剧,剧情,爱情",英国
1117,光辉岁月,8.6,2000,"剧情,传记,运动",美国
1118,世界上最糟糕的人,7.9,2021,"剧情,喜剧,爱情","挪威, 法国, 瑞典, 丹麦"
1119,回归,8.6,2003,"剧情,家庭",俄罗斯
1120,密阳,8.0,2007,剧情,韩国
1121,普吉岛的最后黄昏,8.8,2021,"剧情,喜剧,爱情,同性",泰国
1122,致允熙,8.3,2019,"剧情,同性",韩国
1123,亲切的金子,7.6,2005,"剧情,犯罪,惊悚",韩国
1124,杀破狼2,7.5,2015,"剧情,动作,犯罪","中国香港, 中国大陆"
1125,忠奸人,8.1,1997,"剧情,传记,犯罪",美国
1126,海啸奇迹,7.8,2013,"剧情,灾难,家庭","西班牙, 泰国, 美国"
1127,世上最美的离别,8.4,2011,"剧情,家庭",韩国
1128,暴雨将至,8.6,1994,"剧情,战争","马其顿, 法国, 英国"
1129,美国精神病人,7.8,2000,"犯罪,剧情,惊悚",美国
1130,炙热,8.3,2015,剧情,"印度, 美国, 英国"
1131,印度合伙人,7.7,2018,"剧情,喜剧,传记",印度
1132,天鹅挽歌,8.1,2021,"剧情,科幻",美国
1133,女朋友，男朋友,7.5,2012,"剧情,爱情,同性",中国台湾
1134,茜茜公主3,8.4,1957,"剧情,历史,爱情",奥地利
1135,东京奏鸣曲,8.1,2008,剧情,"日本, 荷兰, 中国香港"
1136,座头市,8.1,2003,"动作,喜剧,犯罪,剧情,音乐",日本
1137,流星语,8.6,1999,"喜剧,剧情",中国香港
1138,浮城谜事,7.5,2012,"剧情,犯罪","中国大陆, 法国"
1139,溺水小刀,7.6,2016,"剧情,爱情",日本
1140,电话,7.6,2020,"剧情,悬疑,惊悚",韩国
1141,彗星美人,8.7,1950,剧情,美国
1142,穿裘皮的维纳斯,8.1,2013,剧情,"法国, 波兰"
1143,猎凶风河谷,7.8,2017,"剧情,犯罪,悬疑","英国, 加拿大, 美国"
1144,心理游戏,7.7,1997,"剧情,动作,悬疑,惊悚",美国
1145,三毛流浪记,8.3,1949,"剧情,喜剧",中国大陆
1146,欲望都市,7.7,2008,"喜剧,剧情,爱情",美国
1147,长津湖,7.4,2021,"剧情,历史,战争","中国大陆, 中国香港"
1148,图雅的婚事,8.0,2006,"剧情,爱情",中国大陆
1149,扬名立万,7.4,2021,"剧情,喜剧,悬疑",中国大陆
1150,寻龙诀,7.4,2015,"剧情,动作,奇幻,冒险","中国大陆, 中国香港"
1151,天才一族,8.1,2001,"剧情,喜剧,家庭",美国
1152,战略特勤组,7.9,2011,"剧情,悬疑,惊悚",美国
1153,西葫芦的生活,8.5,2016,"剧情,儿童,动画","瑞士, 法国"
1154,无声,7.8,2020,剧情,中国台湾
1155,泰山,7.7,1999,"动画,冒险,剧情,家庭",美国
1156,黄土地,7.9,1985,"剧情,音乐",中国大陆
1157,奇迹·笨小孩,7.4,2022,剧情,中国大陆
1158,爱的曝光,8.3,2008,"动作,喜剧,剧情,爱情",日本
1159,壮志凌云,7.7,1986,"剧情,动作",美国
1160,触不到的恋人,7.7,2006,"剧情,奇幻,爱情","美国, 澳大利亚"
1161,虎兄虎弟,8.6,2004,"剧情,冒险","法国, 英国"
1162,龙虾,7.6,2015,"剧情,喜剧,奇幻","爱尔兰, 英国, 希腊, 法国, 荷兰"
1163,爱神,7.7,2004,"剧情,爱情,情色","意大利, 中国香港, 美国, 法国, 卢森堡, 英国"
1164,危机13小时,7.8,2016,"剧情,动作,战争,惊悚",美国
1165,细路祥,8.5,1999,剧情,中国香港
1166,死亡医生,8.5,2010,"剧情,传记",美国
1167,伊莎贝拉,7.6,2006,剧情,中国香港
1168,吾栖之肤,7.6,2011,"剧情,悬疑,惊悚",西班牙
1169,我这一辈子,8.8,1950,"剧情,历史",中国大陆
1170,97古惑仔战无不胜,7.6,1997,"动作,剧情",中国香港
1171,云中漫步,7.8,1995,"剧情,爱情","美国, 墨西哥"
1172,水果硬糖,7.5,2006,"剧情,犯罪,惊悚",美国
1173,搜索,7.4,2012,"剧情,悬疑",中国大陆
1174,蜘蛛巢城,8.5,1957,"剧情,历史",日本
1175,女人步上楼梯时,9.1,1960,剧情,日本
1176,南方车站的聚会,7.4,2019,"剧情,犯罪","中国大陆, 法国"
1177,舞出我人生,7.7,2009,"剧情,爱情,歌舞",美国
1178,万里归途,7.4,2022,"剧情,战争",中国大陆
1179,新难兄难弟,8.0,1993,"剧情,喜剧",中国香港
1180,精英部队,8.0,2007,"剧情,动作,犯罪,惊悚","巴西, 美国, 阿根廷"
1181,上甘岭,8.4,1956,"战争,剧情",中国大陆
1182,深夜食堂2,8.0,2017,剧情,日本
1183,以女儿之名,8.4,2016,"剧情,传记","法国, 德国"
1184,丘奇先生,8.5,2016,"剧情,喜剧",美国
1185,一江春水向东流,8.5,2017,剧情,中国大陆
1186,真相至上,8.3,2008,"剧情,悬疑",美国
1187,少女小渔,7.9,1995,剧情,中国台湾
1188,大象,7.8,2003,"犯罪,剧情",美国
1189,欲盖弄潮,8.1,2008,"剧情,爱情,同性",美国
1190,沉默的教室,8.4,2018,"剧情,历史",德国
1191,十二宫,7.5,2007,"剧情,传记,犯罪,悬疑,惊悚",美国
1192,移魂女郎,8.2,1999,"传记,剧情","美国, 德国"
1193,小兵张嘎,7.8,1963,"剧情,儿童,战争",中国大陆
1194,自由作家,8.6,2007,"传记,犯罪,剧情","美国, 德国"
1195,巴黎野玫瑰,8.1,1986,"剧情,爱情,情色",法国
1196,游园惊梦,7.6,2001,"剧情,爱情,同性",中国香港
1197,唐顿庄园2,8.2,2022,"剧情,爱情","英国, 美国"
1198,青木瓜之味,7.8,1993,"剧情,音乐,爱情","越南, 法国"
1199,闯入者,7.6,2015,"剧情,犯罪,惊悚",中国大陆
1200,宋家皇朝,7.7,1997,"剧情,历史,爱情","中国大陆, 中国香港, 日本"
1201,晚春,8.7,1949,"剧情,家庭",日本
1202,纳尼亚传奇1：狮子、女巫和魔衣橱,7.5,2005,"剧情,奇幻,冒险","英国, 美国"
1203,别让我走,7.7,2010,"剧情,爱情,科幻","英国, 美国"
1204,杯酒人生,7.9,2004,"剧情,喜剧,爱情","美国, 匈牙利"
1205,帝一之国,8.1,2017,"剧情,喜剧",日本
1206,法兰西特派,7.7,2021,"剧情,喜剧","美国, 德国"
1207,啊，荒野 前篇,8.4,2017,剧情,日本
1208,手机,7.4,2003,"剧情,喜剧,家庭",中国大陆
1209,情不自禁,8.4,2001,剧情,中国大陆
1210,边城,8.2,1992,剧情,中国大陆
1211,摇滚红与黑,9.2,2016,"剧情,音乐,歌舞",法国
1212,追捕野蛮人,8.1,2016,"剧情,喜剧,冒险",新西兰
1213,美少年之恋,7.5,1998,"剧情,爱情,同性",中国香港
1214,鬼灭之刃 那田蜘蛛山篇,9.2,2020,"剧情,动作,奇幻",日本
1215,任逍遥,7.9,2002,"喜剧,剧情","中国大陆, 法国, 日本, 韩国"
1216,怒,7.7,2016,"剧情,爱情,悬疑,同性",日本
1217,埃及王子,8.1,1998,"剧情,动画,冒险",美国
1218,异度空间,7.5,2005,"剧情,恐怖",中国香港
1219,法外之徒,8.6,1964,"犯罪,剧情",法国
1220,瀑布,7.7,2021,剧情,中国台湾
1221,秦颂,7.8,1996,"剧情,历史,古装","中国大陆, 中国香港"
1222,牛仔裤的夏天,7.6,2005,"剧情,喜剧,爱情",美国
1223,机械师,7.6,2004,"剧情,悬疑,惊悚","西班牙, 法国, 英国, 美国"
1224,黄金时代,7.4,2014,"剧情,传记,爱情","中国大陆, 中国香港"
1225,王者,7.8,2017,"剧情,动作,犯罪",韩国
1226,军中乐园,7.5,2014,"剧情,历史,爱情","中国台湾, 中国大陆"
1227,最爱,7.4,2011,"剧情,爱情","中国大陆, 中国香港"
1228,青春派,7.4,2013,"剧情,爱情",中国大陆
1229,蝴蝶,7.7,2004,"剧情,同性",中国香港
1230,东京审判,7.5,2006,"犯罪,剧情,历史,战争",中国大陆
1231,亲爱的伽利略,7.9,2009,"剧情,爱情",泰国
1232,革命者,7.5,2021,"剧情,历史",中国大陆
1233,蒙娜丽莎的微笑,7.9,2004,"剧情,爱情",美国
1234,搭错车,8.3,1983,"剧情,音乐","中国香港, 中国台湾"
1235,死者田园祭,8.9,1974,"剧情,奇幻",日本
1236,圣殇,7.8,2012,剧情,韩国
1237,我是布莱克,8.3,2016,剧情,"英国, 法国, 比利时"
1238,云的彼端，约定的地方,7.7,2004,"动画,剧情,科幻",日本
1239,女王,7.7,2006,"传记,剧情","英国, 法国, 意大利"
1240,青少年哪吒,8.0,1992,剧情,中国台湾
1241,学校风云,8.1,1988,"动作,犯罪,剧情,惊悚",中国香港
1242,商海通牒,7.9,2011,剧情,美国
1243,爱国者,8.2,2000,"动作,剧情,战争","美国, 德国"
1244,伊豆的舞女,8.6,1974,剧情,日本
1245,五至七时的克莱奥,8.7,1962,"喜剧,剧情,音乐","法国, 意大利"
1246,美国黑帮,7.9,2007,"犯罪,剧情","美国, 英国"
1247,雨月物语,8.6,1953,"剧情,战争,奇幻",日本
1248,线人,7.4,2010,"动作,剧情,惊悚","中国香港, 中国大陆"
1249,杀人者的记忆法,7.8,2017,"剧情,犯罪,悬疑,惊悚",韩国
1250,纽约，我爱你,7.6,2008,"剧情,爱情",美国
1251,寻找梦幻岛,7.9,2004,"传记,剧情,家庭","美国, 英国"
1252,我们的世界,8.4,2016,"剧情,儿童",韩国
1253,金都,7.7,2019,剧情,中国香港
1254,夜间飞行,8.3,2014,"剧情,爱情,同性",韩国
1255,双姝奇缘,8.7,1987,"剧情,喜剧",法国
1256,邮差,8.8,1994,"传记,喜剧,剧情,爱情","意大利, 法国, 比利时"
1257,空山灵雨,8.4,1979,"剧情,动作,武侠,古装",中国香港
1258,局内人,7.7,2006,"剧情,犯罪,悬疑,惊悚",美国
1259,巴顿将军,8.2,1970,"传记,剧情,战争",美国
1260,人生大事,7.3,2022,"剧情,家庭","中国大陆, 中国香港"
1261,内在美,7.6,2015,"剧情,爱情,奇幻",韩国
1262,打开心世界,8.2,2020,"剧情,爱情,同性",美国
1263,只有你,7.8,2011,"剧情,爱情",韩国
1264,马利和我,7.9,2008,"剧情,喜剧,爱情",美国
1265,女孩,8.1,2018,"剧情,同性","比利时, 荷兰"
1266,热带雨,7.5,2019,剧情,"新加坡, 中国台湾"
1267,实尾岛,8.1,2003,"动作,剧情",韩国
1268,爱，简单,8.3,2014,"剧情,爱情,同性",巴西
1269,收件人不详,8.3,2001,"剧情,战争",韩国
1270,苔丝,8.2,1979,"剧情,爱情","法国, 英国"
1271,不朽的园丁,7.9,2005,"剧情,悬疑,惊悚","英国, 德国, 美国, 中国大陆"
1272,春娇与志明,7.3,2012,"剧情,喜剧,爱情","中国香港, 中国大陆"
1273,真幌站前多田便利屋,8.2,2011,剧情,日本
1274,魔术师,7.6,2006,"剧情,爱情,悬疑","美国, 捷克"
1275,啊，荒野 后篇,8.6,2017,剧情,日本
1276,风月,7.7,1996,"剧情,爱情","中国香港, 中国大陆"
1277,弗兰克,7.9,2014,"剧情,喜剧,音乐","英国, 爱尔兰, 美国"
1278,有熊谷守一在的地方,8.4,2018,"剧情,喜剧,传记",日本
1279,丛林赤子心,9.1,1987,"剧情,冒险",美国
1280,老井,8.1,1986,"剧情,爱情",中国大陆
1281,笼民,8.9,1992,剧情,中国香港
1282,重返十七岁,7.4,2009,"剧情,喜剧,爱情",美国
1283,夺命金,7.4,2012,"剧情,犯罪",中国香港
1284,青梅竹马,8.0,1985,剧情,中国台湾
1285,云中行走,7.6,2016,"剧情,传记,冒险",美国
1286,埃及艳后,7.9,1963,"剧情,传记,历史","英国, 美国, 瑞士"
1287,刻在你心底的名字,7.4,2020,"剧情,同性",中国台湾
1288,巧奔妙逃,8.2,1995,"剧情,喜剧,战争",中国大陆
1289,我的父亲，我的儿子,8.9,2005,"剧情,家庭",土耳其
1290,亡命天涯,8.1,1994,"动作,犯罪,剧情,悬疑,惊悚",美国
1291,天水围的夜与雾,7.6,2009,"剧情,犯罪",中国香港
1292,梅子鸡之味,8.1,2011,"剧情,喜剧","法国, 德国"
1293,小丑回魂,7.4,2017,"剧情,恐怖","美国, 加拿大"
1294,妈妈！,7.5,2022,剧情,中国大陆
1295,惊世狂花,8.2,1996,"剧情,犯罪,惊悚,同性",美国
1296,闪电狗,7.5,2008,"剧情,喜剧,动画,冒险,家庭",美国
1297,决战犹马镇,8.0,2007,"动作,犯罪,剧情,西部",美国
1298,陆小凤传奇之陆小凤前传,8.0,2007,"剧情,动作,爱情,悬疑,武侠,古装",中国大陆
1299,囚室211,8.0,2009,"动作,剧情","西班牙, 法国"
1300,八面埋伏,7.6,2004,"犯罪,剧情,悬疑,惊悚","荷兰, 英国, 美国"
1301,麦克法兰,8.4,2015,"剧情,传记,运动",美国
1302,好莱坞往事,7.3,2019,"剧情,喜剧","美国, 英国, 中国大陆"
1303,深渊,8.0,1989,"剧情,科幻,惊悚,冒险",美国
1304,烟花,8.3,1995,"剧情,儿童",日本
1305,周末时光,8.2,2011,"剧情,爱情,同性",英国
1306,资产阶级的审慎魅力,8.2,1972,"喜剧,剧情,奇幻",法国
1307,榴莲飘飘,7.7,2000,剧情,"中国大陆, 中国香港, 法国"
1308,刺客聂隐娘,7.3,2015,"剧情,武侠,古装","中国台湾, 中国大陆, 中国香港"
1309,离开拉斯维加斯,8.1,1995,"剧情,爱情","美国, 法国, 英国"
1310,八两金,8.3,1989,"剧情,喜剧,爱情",中国香港
1311,翻滚吧！阿信,7.4,2011,"剧情,喜剧,运动",中国台湾
1312,给朱丽叶的信,7.6,2010,"剧情,喜剧,爱情",美国
1313,卡桑德拉大桥,8.3,1976,"剧情,动作,惊悚,灾难","英国, 意大利, 西德"
1314,菲洛梅娜,8.4,2013,"剧情,传记,同性,家庭","英国, 美国, 法国"
1315,找到你,7.3,2018,"剧情,家庭",中国大陆
1316,查令十字街84号,8.7,1987,"传记,剧情,爱情","英国, 美国"
1317,小戏骨：白蛇传,8.3,2016,"剧情,儿童,古装",中国大陆
1318,象人,8.3,1980,"剧情,传记",美国
1319,办公室的故事,8.8,1977,"剧情,喜剧,爱情",苏联
1320,明日的我与昨日的你约会,7.7,2016,"剧情,爱情,奇幻",日本
1321,我的九月,8.8,1990,"剧情,儿童",中国大陆
1322,一声叹息,7.6,2000,"剧情,家庭,爱情",中国大陆
1323,珍爱,8.1,2009,剧情,美国
1324,悲伤电影,7.7,2005,"喜剧,剧情,爱情",韩国
1325,念书的孩子,8.7,2012,"剧情,儿童",中国大陆
1326,阿波罗13号,8.1,1995,"冒险,剧情,历史",美国
1327,白丝带,8.2,2009,"剧情,悬疑","德国, 奥地利, 法国, 意大利"
1328,雾都孤儿,8.0,2005,"剧情,家庭","英国, 捷克, 法国, 意大利"
1329,人类之子,7.6,2006,"剧情,科幻,冒险,灾难","美国, 英国, 日本"
1330,尽善尽美,8.2,1997,"爱情,喜剧,剧情",美国
1331,浅田家！,8.3,2020,"剧情,家庭",日本
1332,21克,7.8,2003,"犯罪,剧情,惊悚",美国
1333,寄生兽,7.4,2016,"剧情,动作,科幻,恐怖",日本
1334,沃伦,8.3,2016,"剧情,历史,战争",波兰
1335,爱情三选一,7.8,2008,"喜剧,剧情,爱情","英国, 美国, 法国"
1336,0.5毫米,8.3,2014,剧情,日本
1337,穿越大吉岭,7.7,2007,"剧情,喜剧,冒险",美国
1338,黄河绝恋,7.6,1999,"剧情,战争",中国大陆
1339,月光男孩,7.4,2016,"剧情,同性",美国
1340,巴顿·芬克,8.1,1991,"剧情,喜剧,惊悚","美国, 英国"
1341,少年菀得,8.2,2011,"剧情,动作,运动",韩国
1342,信笺故事,8.2,2018,剧情,美国
1343,触不可及(美版),7.5,2019,"剧情,喜剧",美国
1344,父辈的旗帜,7.8,2006,"剧情,历史,战争",美国
1345,八月：奥色治郡,8.0,2013,"剧情,家庭",美国
1346,好梦一日游,8.1,2019,"剧情,喜剧,爱情","法国, 比利时"
1347,林肯律师,7.9,2012,"剧情,惊悚,犯罪",美国
1348,夏威夷,8.5,2013,"剧情,同性",阿根廷
1349,破风,7.3,2015,"剧情,运动","中国香港, 中国大陆"
1350,分手说爱你,7.4,2010,"喜剧,剧情,爱情",中国香港
1351,林肯,7.8,2012,"剧情,传记,历史","美国, 印度"
1352,猎杀本·拉登,7.7,2012,"剧情,惊悚,历史",美国
1353,涉外大饭店,8.0,2011,"喜剧,剧情","英国, 美国, 阿联酋"
1354,送你一朵小红花,7.2,2020,剧情,中国大陆
1355,一呼一吸,8.0,2017,"剧情,传记,爱情",英国
1356,后会无期,7.2,2014,剧情,中国大陆
1357,怪谈,8.6,1964,"剧情,奇幻,恐怖",日本
1358,失恋33天,7.2,2011,"剧情,爱情",中国大陆
1359,色情男女,7.6,1996,"剧情,喜剧,情色",中国香港
1360,影,7.2,2018,"剧情,动作,武侠,古装","中国大陆, 中国香港"
1361,神奇队长,7.9,2016,"剧情,喜剧,家庭",美国
1362,罗密欧与朱丽叶,7.5,1996,"剧情,爱情,犯罪",美国
1363,魅影缝匠,7.5,2017,"剧情,爱情","美国, 英国"
1364,动物世界,7.2,2018,"剧情,动作,冒险",中国大陆
1365,我是你爸爸,7.8,2000,"喜剧,剧情",中国大陆
1366,落魄大厨,7.7,2014,"剧情,喜剧,冒险",美国
1367,铁娘子：坚固柔情,7.6,2013,"剧情,传记,历史","英国, 法国"
1368,百万元与苦虫女,8.0,2008,剧情,日本
1369,无间道风云,7.3,2006,"剧情,犯罪,惊悚","美国, 中国香港"
1370,彩虹照耀,8.8,2009,"剧情,家庭","加拿大, 爱尔兰"
1371,木兰花,8.2,1999,剧情,美国
1372,绿光,8.1,1986,"剧情,爱情",法国
1373,前程似锦的女孩,7.7,2020,"剧情,犯罪,惊悚","英国, 美国"
1374,少年汉尼拔,7.5,2007,"剧情,战争,犯罪,惊悚,冒险","英国, 法国, 意大利, 美国"
1375,绣春刀II：修罗战场,7.2,2017,"剧情,动作,武侠,古装",中国大陆
1376,追捕,8.3,1976,"剧情,动作,犯罪",日本
1377,更好的世界,8.3,2010,剧情,"丹麦, 瑞典"
1378,风中有朵雨做的云,7.2,2019,"剧情,犯罪,悬疑",中国大陆
1379,天气预报员,7.7,2005,"喜剧,剧情","美国, 德国"
1380,明亮的星,7.8,2009,"剧情,传记,爱情","英国, 澳大利亚, 法国"
1381,圣母,7.8,2021,"剧情,历史,同性","法国, 荷兰"
1382,火锅英雄,7.2,2016,"剧情,犯罪",中国大陆
1383,希特勒的男孩,8.2,2004,"剧情,运动,战争",德国
1384,九降风,7.4,2008,剧情,中国台湾
1385,邦尼和琼,8.5,1993,"喜剧,剧情,爱情",美国
1386,长津湖之水门桥,7.2,2022,"剧情,历史,战争","中国大陆, 中国香港"
1387,云上的日子,7.6,1995,"剧情,爱情,情色","法国, 意大利, 德国"
1388,一个明星的诞生,7.4,2018,"剧情,爱情,音乐",美国
1389,美姐,7.8,2013,"剧情,爱情,家庭",中国大陆
1390,暖,8.0,2004,"爱情,剧情",中国大陆
1391,南国再见，南国,8.1,1996,"犯罪,剧情",中国台湾
1392,烈焰焚币,8.6,2000,"剧情,爱情,犯罪,惊悚,同性","阿根廷, 西班牙, 乌拉圭"
1393,春逝,7.9,2001,"剧情,爱情","韩国, 日本, 中国香港"
1394,爸妈不在家,8.0,2013,"剧情,家庭",新加坡
1395,尼罗河上的惨案,8.4,2004,"剧情,犯罪,悬疑",英国
1396,去年烟花特别多,8.2,1998,剧情,中国香港
1397,美食、祈祷和恋爱,7.4,2010,"剧情,爱情",美国
1398,柔道龙虎榜,7.6,2004,"剧情,动作",中国香港
1399,桂河大桥,8.4,1957,"剧情,历史,战争","英国, 美国"
1400,广岛之恋,7.9,1959,"剧情,爱情,战争","法国, 日本"
1401,大而不倒,8.3,2011,"剧情,传记,历史",美国
1402,故事的故事,7.7,2015,"剧情,奇幻,恐怖","意大利, 法国, 英国"
1403,水形物语,7.2,2018,"剧情,爱情,奇幻","美国, 加拿大, 墨西哥"
1404,红玫瑰白玫瑰,7.7,1994,"剧情,爱情","中国香港, 中国台湾"
1405,四个婚礼和一个葬礼,7.4,1994,"喜剧,爱情,剧情",英国
1406,同心难改,8.0,2008,"剧情,爱情,同性",英国
1407,第十一回,7.2,2021,"剧情,喜剧",中国大陆
1408,鼠来宝,7.6,2007,"喜剧,剧情,家庭,奇幻,音乐",美国
1409,福尔摩斯先生,7.8,2015,"剧情,犯罪,悬疑","英国, 美国"
1410,天使之恋,7.4,2009,"剧情,爱情",日本
1411,沼泽深处的女孩,7.7,2022,"剧情,爱情,悬疑",美国
1412,斯托克,7.5,2013,"剧情,悬疑,惊悚","美国, 英国"
1413,树上有个好地方,7.8,2020,"剧情,儿童,喜剧,家庭",中国大陆
1414,道熙呀,7.8,2014,剧情,韩国
1415,慕尼黑,7.9,2005,"剧情,动作,历史,惊悚","美国, 加拿大, 法国"
1416,美好的世界,8.3,2020,"剧情,犯罪",日本
1417,感谢你抽烟,8.0,2005,"喜剧,剧情",美国
1418,巴黎圣母院,9.4,1998,"剧情,爱情,音乐",法国
1419,宠儿,7.5,2018,"剧情,喜剧,传记,同性","爱尔兰, 英国, 美国"
1420,世上最快的印第安摩托,9.0,2005,"传记,剧情,运动","新西兰, 日本, 美国"
1421,我11,7.4,2012,"剧情,犯罪","中国大陆, 法国"
1422,潜水钟与蝴蝶,7.9,2007,"传记,剧情","法国, 美国"
1423,卡蜜儿·克劳岱尔,8.2,1988,"传记,剧情,历史,爱情",法国
1424,我失去了身体,8.2,2019,"剧情,爱情,动画,奇幻",法国
1425,樱桃的滋味,8.0,1997,剧情,"法国, 伊朗"
1426,大丈夫,7.5,2003,"喜剧,剧情",中国香港
1427,湮灭,7.2,2018,"剧情,科幻,惊悚","美国, 英国"
1428,狮子王,7.2,2019,"剧情,动画,冒险",美国
1429,呆佬拜寿,7.6,1995,"剧情,喜剧,爱情",中国香港
1430,最后的假期,8.3,2006,"冒险,喜剧,剧情",美国
1431,卡拉是条狗,7.4,2003,"剧情,喜剧",中国大陆
1432,爱情的牙齿,7.7,2007,"剧情,爱情",中国大陆
1433,平凡岁月的魅力,8.5,2005,"剧情,爱情,战争","美国, 加拿大"
1434,不忠,7.6,2002,"剧情,惊悚,情色,家庭","美国, 德国, 法国"
1435,时光倒流七十年,7.8,1980,"剧情,爱情,奇幻",美国
1436,夜行动物,7.4,2016,"剧情,惊悚",美国
1437,M就是凶手,8.2,1931,"剧情,犯罪,惊悚,黑色电影",德国
1438,虎！虎！虎！,8.3,1970,"剧情,历史,战争","日本, 美国"
1439,你眼中的世界,7.6,2014,"剧情,爱情,奇幻",美国
1440,姨妈的后现代生活,7.4,2007,"喜剧,剧情,爱情","中国大陆, 中国香港"
1441,斗士,7.9,2010,"剧情,家庭,传记,运动",美国
1442,看得见风景的房间,7.7,1985,"剧情,喜剧,爱情",英国
1443,故园风雨后,7.8,2008,"剧情,爱情","英国, 意大利, 摩洛哥"
1444,大追捕,7.3,2012,"剧情,动作,犯罪,悬疑,惊悚","中国香港, 中国大陆"
1445,记忆中的玛妮,7.9,2014,"剧情,动画,奇幻",日本
1446,旺角黑夜,7.4,2004,"动作,剧情,犯罪,爱情",中国香港
1447,狩猎,7.7,2022,"剧情,动作",韩国
1448,红樱桃,7.6,1996,"剧情,战争",中国大陆
1449,新蝙蝠侠,7.2,2022,"剧情,动作,犯罪,悬疑",美国
1450,93航班,7.9,2006,"剧情,历史,惊悚","美国, 英国, 法国"
1451,纽约黑帮,7.6,2002,"剧情,犯罪","美国, 意大利"
1452,大撒把,7.9,1992,"剧情,喜剧,爱情",中国大陆
1453,生死停留,7.5,2005,"剧情,悬疑,惊悚",美国
1454,正午,8.4,1952,"剧情,西部",美国
1455,听说桐岛要退部,7.9,2012,剧情,日本
1456,霍金传,8.6,2004,"剧情,传记",英国
1457,千里走单骑,7.4,2005,剧情,"中国大陆, 中国香港, 日本"
1458,酒神小姐,8.3,2016,"剧情,传记",韩国
1459,一出好戏,7.1,2018,"剧情,喜剧",中国大陆
1460,空军一号,7.5,1997,"动作,剧情,惊悚","美国, 德国"
1461,蒂莫西的奇异生活,7.8,2012,"剧情,喜剧,奇幻,家庭",美国
1462,祝福,8.3,1956,剧情,中国大陆
1463,袁隆平,9.0,2009,"剧情,传记",中国大陆
1464,哭声,7.3,2016,"剧情,悬疑,恐怖",韩国
1465,苹果酒屋法则,8.2,1999,"剧情,爱情",美国
1466,岁月风云之上海皇帝,8.0,1993,"犯罪,剧情,悬疑",中国香港
1467,神探夏洛克：可恶的新娘,7.2,2016,"剧情,犯罪,悬疑",英国
1468,虎豹小霸王,8.6,1969,"冒险,犯罪,剧情,西部",美国
1469,简爱,7.5,2011,"剧情,爱情",英国
1470,星空,7.2,2011,"剧情,爱情,奇幻","中国大陆, 中国台湾"
1471,登月第一人,7.7,2018,"剧情,传记,历史","美国, 日本"
1472,嗝嗝老师,7.4,2018,"剧情,喜剧",印度
1473,摇啊摇，摇到外婆桥,7.5,1995,"犯罪,剧情","中国大陆, 法国"
1474,弓,7.7,2005,"剧情,爱情,情色","韩国, 日本"
1475,着魔,7.9,1981,"剧情,恐怖","法国, 西德"
1476,6/45,7.6,2022,"剧情,喜剧",韩国
1477,霹雳贝贝,7.7,1988,"剧情,科幻,儿童",中国大陆
1478,盛夏光年,7.2,2006,"剧情,爱情,同性",中国台湾
1479,五亿探长雷洛传2：父子情仇,7.5,1991,"剧情,犯罪",中国香港
1480,兰心大剧院,7.2,2021,剧情,中国大陆
1481,魂断威尼斯,8.2,1971,"剧情,同性","意大利, 法国"
1482,过昭关,7.8,2019,"剧情,儿童,家庭",中国大陆
1483,冰冷热带鱼,7.7,2010,"剧情,犯罪,惊悚",日本
1484,抗癌的我,7.7,2011,"喜剧,剧情",美国
1485,阿修罗,7.6,2016,"剧情,动作,犯罪",韩国
1486,夺冠,7.1,2020,"剧情,运动","中国大陆, 中国香港"
1487,都灵之马,8.5,2011,剧情,"匈牙利, 法国, 瑞士, 德国, 美国"
1488,马粥街残酷史,8.0,2004,"剧情,历史",韩国
1489,人·鬼·情,8.5,1987,剧情,中国大陆
1490,爱情与灵药,7.2,2010,"剧情,喜剧,爱情",美国
1491,妈咪,8.2,2014,"剧情,家庭",加拿大
1492,巴黎圣母院,8.1,1956,"剧情,历史","意大利, 法国"
1493,少爷,8.4,2016,"剧情,喜剧",日本
1494,烈日灼人,8.6,1994,"剧情,历史","俄罗斯, 法国"
1495,石榴的颜色,8.7,1969,"传记,剧情,音乐",苏联
1496,城中大盗,7.5,2010,"犯罪,剧情,惊悚",美国
1497,小伟,7.5,2021,"剧情,家庭",中国大陆
1498,山楂树之恋,7.1,2010,"剧情,爱情",中国大陆
1499,冬眠,8.2,2014,剧情,"土耳其, 法国, 德国"
1500,芬妮与亚历山大,8.7,1982,剧情,"法国, 瑞典, 西德"
1501,阿基里斯与龟,8.3,2008,"剧情,喜剧",日本
1502,维多利亚一号,7.3,2010,"剧情,犯罪,恐怖",中国香港
1503,佩小姐的奇幻城堡,7.2,2016,"剧情,奇幻,冒险",美国
1504,艾德·伍德,8.2,1994,"传记,喜剧,剧情",美国
1505,柏林,7.5,2013,"剧情,动作,惊悚",韩国
1506,箭士柳白猿,7.3,2016,"剧情,动作,武侠,古装",中国大陆
1507,鸟人,8.3,1984,"剧情,战争",美国
1508,早间主播,7.7,2010,"剧情,喜剧,爱情",美国
1509,乌鸦与麻雀,8.7,1949,剧情,中国大陆
1510,缺席的人,8.2,2001,"剧情,犯罪","美国, 英国"
1511,蜂鸟,7.9,2018,剧情,韩国
1512,从不，很少，有时，总是,7.7,2020,剧情,"美国, 英国"
1513,爱的成人式,7.7,2015,"剧情,爱情,悬疑",日本
1514,奏鸣曲,8.4,1993,"剧情,犯罪",日本
1515,寒战2,7.1,2016,"剧情,动作,犯罪","中国大陆, 中国香港"
1516,影子写手,7.5,2010,"剧情,悬疑,惊悚","法国, 德国, 英国"
1517,星愿,7.2,1999,"剧情,奇幻,爱情",中国香港
1518,借刀杀人,7.5,2004,"犯罪,剧情,惊悚",美国
1519,棋王,7.8,1991,剧情,中国香港
1520,晚秋,7.1,2012,剧情,"韩国, 美国, 中国香港"
1521,钢琴教师,7.5,2001,"剧情,爱情,惊悚,情色","奥地利, 法国, 德国"
1522,莫斯科不相信眼泪,8.5,1980,"喜剧,剧情,爱情",苏联
1523,盛夏未来,7.1,2021,剧情,中国大陆
1524,男孩A,8.2,2007,"剧情,犯罪",英国
1525,父后七日,8.0,2010,"剧情,家庭",中国台湾
1526,邻居,7.5,2012,"剧情,惊悚",韩国
1527,暮光之城4：破晓(下),7.2,2012,"剧情,爱情,惊悚,奇幻,冒险",美国
1528,独自在夜晚的海边,7.6,2017,"剧情,爱情",韩国
1529,亚当,7.8,2009,"剧情,爱情",美国
1530,白雪公主杀人事件,7.5,2014,"剧情,悬疑",日本
1531,45周年,7.8,2015,"剧情,爱情",英国
1532,心火,8.0,1997,"爱情,剧情","英国, 美国"
1533,第八日的蝉,8.3,2011,剧情,日本
1534,耶稣受难记,7.9,2004,剧情,美国
1535,最爽的一天,7.8,2016,"剧情,喜剧",德国
1536,别告诉她,7.2,2019,"剧情,家庭","美国, 中国大陆"
1537,雷雨,8.0,1984,"剧情,家庭",中国大陆
1538,绿头苍蝇,8.3,2009,"犯罪,剧情",韩国
1539,刮痧,7.5,2001,"剧情,家庭",中国大陆
1540,真心英雄,7.8,1998,"剧情,犯罪,动作",中国香港
1541,观音山,7.1,2011,"剧情,爱情",中国大陆
1542,机器战警,7.7,1987,"动作,犯罪,剧情,科幻,惊悚",美国
1543,爱情麻辣烫,7.5,1999,"剧情,爱情",中国大陆
1544,流浪者之歌,9.1,1988,"喜剧,犯罪,剧情,奇幻","意大利, 英国, 南斯拉夫"
1545,末日危途,7.7,2009,"剧情,惊悚,冒险,灾难",美国
1546,逍遥骑士,8.3,1969,"剧情,冒险",美国
1547,茉莉花开,7.3,2006,"剧情,家庭,爱情",中国大陆
1548,秘密花园,8.5,1993,"剧情,家庭,奇幻","英国, 美国"
1549,闪闪的红星,7.6,1974,"剧情,儿童,战争",中国大陆
1550,骄傲,8.3,2014,"剧情,喜剧,同性","英国, 法国, 美国"
1551,怒海争锋,7.9,2004,"动作,冒险,剧情,战争",美国
1552,假结婚,7.2,2009,"喜剧,剧情,爱情",美国
1553,老千,7.6,2006,"剧情,犯罪",韩国
1554,血迷宫,7.8,1984,"剧情,犯罪,悬疑,惊悚",美国
1555,随心所欲,8.5,1962,剧情,法国
1556,世界上最疼我的那个人去了,8.4,2002,"剧情,家庭",中国大陆
1557,毁灭之路,7.7,2002,"剧情,犯罪,惊悚",美国
1558,笑之大学,8.5,2004,"喜剧,剧情",日本
1559,绝命海拔,7.5,2015,"剧情,传记,冒险","英国, 美国, 冰岛"
1560,铁道员,8.4,1999,剧情,日本
1561,末代独裁,7.9,2006,"剧情,传记,历史","英国, 德国"
1562,玛戈王后,7.8,1994,"传记,剧情,历史,爱情","法国, 德国, 意大利"
1563,此间的少年,7.6,2010,"剧情,喜剧",中国大陆
1564,雁南飞,8.8,1957,"剧情,爱情,战争",苏联
1565,拉贝日记,7.5,2009,"传记,剧情,历史,战争","法国, 中国大陆, 德国"
1566,压路机和小提琴,8.7,1961,"剧情,儿童",苏联
1567,亡命驾驶,7.4,2011,"剧情,动作",美国
1568,二十四城记,7.4,2009,剧情,"中国大陆, 中国香港, 日本"
1569,野马,8.0,2015,剧情,"土耳其, 法国, 卡塔尔, 德国"
1570,原罪,7.4,2001,"剧情,爱情,悬疑,情色","法国, 美国"
1571,告别有情天,8.3,1993,"剧情,爱情","英国, 美国"
1572,永远的三丁目的夕阳2,8.7,2007,剧情,日本
1573,花落花开,8.5,2008,"传记,剧情,战争","法国, 比利时"
1574,杀死汝爱,7.7,2013,"剧情,传记,同性",美国
1575,扶桑花女孩,8.1,2006,"喜剧,剧情",日本
1576,几近成名,8.0,2000,"剧情,音乐",美国
1577,羞耻,7.3,2011,"剧情,情色",英国
1578,江湖,7.3,2004,"剧情,犯罪,动作",中国香港
1579,歌舞青春3：毕业季,7.4,2008,"剧情,喜剧,家庭",美国
1580,诈欺游戏 电影版,7.9,2010,"剧情,惊悚",日本
1581,机械心,8.0,2013,"动画,剧情,冒险",法国
1582,风雨同路,7.8,1990,"剧情,动作,犯罪",中国香港
1583,我是路人甲,7.1,2015,"剧情,喜剧","中国大陆, 中国香港"
1584,一路顺风,7.7,2016,"剧情,喜剧,犯罪,冒险",中国台湾
1585,斯巴达克斯,8.1,1960,"动作,冒险,传记,剧情,历史",美国
1586,到阜阳六百里,7.7,2011,剧情,"中国大陆, 中国台湾"
1587,征婚启事,7.8,1998,"喜剧,剧情,爱情",中国台湾
1588,偷偷爱你,7.8,1996,"喜剧,剧情,爱情",中国香港
1589,家在水草丰茂的地方,8.0,2015,"剧情,儿童",中国大陆
1590,阴阳师,7.8,2001,"动作,奇幻,剧情,恐怖",日本
1591,苏菲的抉择,8.4,1982,"剧情,爱情","英国, 美国"
1592,决战之后,9.1,1991,"剧情,战争",中国大陆
1593,T省的84·85年,8.7,1986,剧情,中国大陆
1594,巴霍巴利王：开端,7.5,2016,"剧情,动作,奇幻",印度
1595,勇者行动,7.7,2012,"剧情,动作,战争",美国
1596,惊曝内幕,8.2,1999,"传记,剧情,惊悚",美国
1597,花容月貌,7.5,2013,剧情,法国
1598,王尔德,7.8,1997,"剧情,传记,历史,同性","英国, 日本, 德国"
1599,极品飞车,7.3,2014,"剧情,动作,犯罪,惊悚","美国, 菲律宾, 爱尔兰, 英国"
1600,永不消逝的电波,8.1,2021,剧情,中国大陆
1601,夜以继日,7.6,2018,"剧情,爱情","日本, 法国"
1602,日瓦戈医生,8.5,1965,"剧情,爱情,战争","美国, 意大利, 英国"
1603,邪不压正,7.0,2018,"剧情,喜剧,动作",中国大陆
1604,两个只能活一个,7.7,1997,"剧情,犯罪",中国香港
1605,独行杀手,8.3,1967,"犯罪,剧情,悬疑,惊悚","法国, 意大利"
1606,我和我的家乡,7.0,2020,"剧情,喜剧",中国大陆
1607,又见奈良,7.4,2021,剧情,"中国大陆, 日本"
1608,铁拳,7.4,2016,"剧情,动作,运动","美国, 中国大陆"
1609,沉默,7.7,2016,"剧情,历史","美国, 英国, 中国台湾, 日本, 墨西哥, 意大利"
1610,大鱼海棠,7.0,2016,"剧情,动画,奇幻",中国大陆
1611,银行大劫案,7.5,2008,"犯罪,剧情,惊悚","英国, 美国, 澳大利亚"
1612,早餐俱乐部,8.1,1985,"喜剧,剧情",美国
1613,在世界中心呼唤爱,7.6,2004,"剧情,爱情",日本
1614,性、谎言和录像带,7.7,1989,"剧情,情色",美国
1615,龙凤配,7.8,1954,"喜剧,剧情,爱情",美国
1616,生人勿进,7.6,2008,"剧情,爱情,恐怖",瑞典
1617,这里的黎明静悄悄,8.0,2015,"剧情,战争",俄罗斯
1618,简爱,8.0,1996,"剧情,爱情","法国, 意大利, 英国, 美国"
1619,摩天楼,7.5,2012,"剧情,动作,灾难",韩国
1620,人狼,8.6,1999,"剧情,动画,奇幻,惊悚",日本
1621,浊水漂流,7.6,2021,剧情,中国香港
1622,可爱的骨头,7.2,2009,"剧情,惊悚,家庭,奇幻","美国, 英国, 新西兰"
1623,歌舞青春2,7.3,2007,"剧情,喜剧,家庭",美国
1624,彩虹女神,7.7,2006,"剧情,爱情",日本
1625,白色严冬,8.4,2012,"剧情,历史,战争","挪威, 瑞典, 法国"
1626,去年在马里昂巴德,8.3,1961,"剧情,爱情,悬疑","法国, 意大利"
1627,理查二世,8.8,2012,"剧情,历史",英国
1628,极度恐慌,7.7,1995,"剧情,惊悚,灾难",美国
1629,公众之敌,7.4,2009,"剧情,传记,历史,犯罪","美国, 日本"
1630,野孩子,7.3,2008,"喜剧,剧情,爱情","英国, 美国, 法国"
1631,安德烈·卢布廖夫,9.0,1971,"传记,剧情,历史,战争",苏联
1632,雄狮,7.4,2017,剧情,"英国, 澳大利亚, 美国, 印度"
1633,激辩风云,8.3,2007,"传记,剧情",美国
1634,失眠症,7.5,2002,"犯罪,剧情,悬疑,惊悚","美国, 加拿大"
1635,男孩与世界,8.8,2013,"剧情,动画",巴西
1636,鬼魅浮生,7.6,2017,"剧情,爱情,奇幻",美国
1637,孤堡惊情,7.4,2010,"剧情,悬疑,恐怖","西班牙, 墨西哥"
1638,叔·叔,7.6,2019,"剧情,同性",中国香港
1639,灵魂歌王,8.4,2004,"传记,剧情,音乐",美国
1640,充气娃娃之恋,7.6,2007,"喜剧,剧情",美国
1641,秦时明月之一舞倾城,9.1,2010,"剧情,历史,战争,动画",中国大陆
1642,单车少年,8.2,2011,剧情,"比利时, 法国, 意大利"
1643,美丽的大脚,7.5,2002,剧情,中国大陆
1644,寂寞芳心,8.5,2008,"剧情,爱情",土耳其
1645,午夜牛郎,8.3,1969,剧情,美国
1646,莎翁情史,7.3,1998,"喜剧,剧情,爱情","英国, 美国"
1647,英雄儿女,8.0,1964,"剧情,战争",中国大陆
1648,污垢,7.8,2013,"剧情,喜剧,犯罪","英国, 德国, 瑞典, 比利时, 美国"
1649,天国与地狱,8.8,1963,"剧情,犯罪",日本
1650,死亡幻觉,7.3,2001,"剧情,科幻,悬疑,惊悚",美国
1651,士兵之歌,9.1,1959,"剧情,爱情,战争",苏联
1652,偷书贼,7.9,2013,"剧情,战争","美国, 德国"
1653,冰风暴,7.9,1997,"剧情,家庭",美国
1654,我的初恋情人,7.3,2009,"剧情,爱情",日本
1655,疯狂愚蠢的爱,7.3,2011,"剧情,喜剧,爱情",美国
1656,卓别林,8.6,1992,"剧情,传记","英国, 美国, 法国, 意大利"
1657,愚行录,7.8,2016,"剧情,犯罪,悬疑",日本
1658,盲证,7.5,2011,"剧情,犯罪,悬疑",韩国
1659,斯诺登,7.6,2016,"剧情,传记,惊悚","美国, 德国"
1660,死亡实验,7.9,2001,"剧情,惊悚",德国
1661,神秘拼图,7.4,1999,"剧情,犯罪,悬疑","美国, 加拿大"
1662,春娇救志明,7.0,2017,"剧情,喜剧,爱情","中国香港, 中国大陆"
1663,七号房的礼物,7.6,2020,剧情,土耳其
1664,美人计,7.7,1946,"剧情,爱情,惊悚",美国
1665,万湖会议,8.2,2022,"剧情,历史,战争",德国
1666,蚀,8.4,1962,"剧情,爱情","意大利, 法国"
1667,书店,8.0,2017,剧情,"英国, 西班牙, 德国"
1668,灾难艺术家,7.5,2017,"剧情,喜剧,传记",美国
1669,唯爱永生,7.6,2013,"剧情,爱情,奇幻","英国, 德国, 希腊, 法国"
1670,了不起的盖茨比,8.1,1974,"剧情,爱情",美国
1671,送我上青云,7.0,2019,剧情,中国大陆
1672,阿玛柯德,8.8,1973,"剧情,喜剧","意大利, 法国"
1673,恋战冲绳,7.3,2000,"剧情,爱情",中国香港
1674,细细的红线,7.8,1998,"剧情,战争","美国, 澳大利亚"
1675,嫌疑人X的献身,7.5,2012,"剧情,爱情,悬疑,犯罪",韩国
1676,非常公寓,8.1,1996,"剧情,悬疑,爱情","法国, 西班牙, 意大利"
1677,我身体里的那个家伙,7.3,2019,"剧情,喜剧",韩国
1678,范海辛,7.2,2004,"剧情,动作,奇幻","美国, 捷克, 罗马尼亚"
1679,杀破狼·贪狼,7.0,2017,"剧情,动作","中国香港, 中国大陆"
1680,来的都是客,8.4,1990,"喜剧,剧情",中国大陆
1681,村戏,8.0,2017,剧情,中国大陆
1682,伊丽莎白,7.7,1998,"传记,剧情,历史,爱情",英国
1683,南汉山城,7.9,2017,"剧情,历史,战争",韩国
1684,传染病,7.1,2011,"剧情,科幻,惊悚,灾难","美国, 阿联酋"
1685,霍元甲,7.0,2006,"剧情,传记,动作","美国, 中国大陆, 中国香港"
1686,世界,7.5,2005,剧情,"中国大陆, 日本, 法国"
1687,奇幻人生,7.8,2006,"喜剧,剧情,奇幻,爱情",美国
1688,羞辱,8.3,2017,剧情,"黎巴嫩, 法国, 塞浦路斯, 比利时, 美国"
1689,幻之光,8.2,1995,剧情,日本
1690,没有过去的男人,8.5,2002,"剧情,喜剧,爱情","芬兰, 德国, 法国"
1691,与女人们的对话,8.1,2005,"喜剧,剧情,爱情","英国, 美国"
1692,阿拉姜色,7.6,2018,"剧情,家庭",中国大陆
1693,死囚越狱,8.5,1956,"剧情,惊悚,战争",法国
1694,深海长眠,8.3,2004,"传记,剧情","西班牙, 法国, 意大利"
1695,团圆,7.9,2013,"剧情,家庭",中国大陆
1696,日出,8.8,1927,"剧情,爱情",美国
1697,浮城大亨,7.5,2012,剧情,"中国大陆, 中国香港"
1698,丑闻笔记,7.9,2006,"剧情,惊悚",英国
1699,双食记,7.1,2008,"剧情,爱情,悬疑",中国大陆
1700,暴雪将至,7.0,2017,"剧情,犯罪,悬疑",中国大陆
1701,音乐会,8.5,2009,"喜剧,剧情,音乐","法国, 意大利, 罗马尼亚, 比利时"
1702,洛奇6：永远的拳王,8.6,2006,"剧情,运动",美国
1703,带我去远方,7.5,2009,"剧情,同性",中国台湾
1704,驭风男孩,8.2,2019,剧情,"英国, 马拉维"
1705,春潮,7.1,2020,"剧情,家庭",中国大陆
1706,第四张画,7.7,2010,剧情,中国台湾
1707,洛奇2,8.4,1979,"剧情,运动",美国
1708,看不见的世界,8.3,2007,"剧情,爱情,同性","南非, 英国"
1709,相见恨早,7.6,2005,"喜剧,剧情,爱情",美国
1710,见鬼,7.3,2002,"剧情,恐怖,惊悚","中国香港, 新加坡"
1711,妖猫传,6.9,2017,"剧情,悬疑,奇幻,古装","中国大陆, 日本"
1712,国家破产之日,7.5,2018,剧情,韩国
1713,历史系男生,8.2,2006,"剧情,喜剧,同性",英国
1714,二子开店,7.6,1987,"剧情,喜剧",中国大陆
1715,伊丽莎白镇,7.4,2005,"剧情,喜剧,爱情,家庭",美国
1716,红柿子,8.9,1997,"剧情,家庭",中国台湾
1717,守岛人,7.4,2021,剧情,中国大陆
1718,自己去看,8.8,1985,"剧情,战争",苏联
1719,特写,8.8,1990,"犯罪,剧情",伊朗
1720,假小子,7.9,2011,剧情,法国
1721,伯纳德行动,7.9,2009,"犯罪,剧情,战争","德国, 奥地利"
1722,藏獒多吉,8.0,2011,"剧情,动画,悬疑,冒险","中国大陆, 日本"
1723,特别响，非常近,7.7,2011,"剧情,悬疑,家庭,冒险",美国
1724,恋空,7.0,2007,"剧情,爱情",日本
1725,战争与和平,9.2,1966,"剧情,历史,爱情,战争",苏联
1726,有希望的男人,7.6,2011,"剧情,喜剧",捷克
1727,红颜,8.0,2005,剧情,"中国大陆, 法国"
1728,青春年少,8.1,1998,"喜剧,剧情",美国
1729,咖啡公社,7.2,2016,"剧情,喜剧,爱情",美国
1730,狼狈,7.2,2012,"剧情,惊悚,犯罪",日本
1731,旅行终点,8.0,2015,剧情,美国
1732,哭泣的草原,9.0,2004,"剧情,历史,爱情","希腊, 法国, 意大利, 德国"
1733,风中奇缘,7.7,1995,"动画,剧情,家庭,历史,歌舞,爱情",美国
1734,灵魂冲浪人,8.2,2011,"剧情,传记,运动",美国
1735,I型起源,7.8,2014,"剧情,科幻",美国
1736,牛仔裤的夏天2,7.4,2008,"喜剧,剧情,爱情",美国
1737,警戒结束,7.9,2012,"剧情,动作,犯罪",美国
1738,我是古巴,9.1,1964,剧情,"苏联, 古巴"
1739,黑太阳731,7.8,1988,"剧情,历史,恐怖,战争","中国香港, 中国大陆"
1740,霜花店,7.1,2008,"剧情,历史,爱情,同性",韩国
1741,红胡子,8.8,1965,剧情,日本
1742,塔洛,7.7,2016,剧情,中国大陆
1743,我的姐姐,6.9,2021,"剧情,家庭",中国大陆
1744,后裔,7.5,2011,"剧情,喜剧,家庭",美国
1745,不再让你孤单,7.0,2011,"剧情,爱情","中国香港, 中国大陆"
1746,上海皇帝之雄霸天下,7.9,1993,"犯罪,剧情,悬疑",中国香港
1747,证人,7.8,2019,"剧情,犯罪",韩国
1748,春天情书,8.6,1996,"剧情,爱情",日本
1749,一九四四,8.2,2015,"剧情,历史,战争","爱沙尼亚, 芬兰"
1750,午后之爱,8.4,1972,"剧情,爱情",法国
1751,死无对证,7.3,2020,"剧情,犯罪,悬疑,惊悚",意大利
1752,罗马的房子,7.5,2010,"剧情,情色,同性",西班牙
1753,安娜·卡列尼娜,7.2,2012,"剧情,爱情",英国
1754,二手狮王,8.5,2003,"喜剧,剧情,家庭",美国
1755,冷战,7.8,2018,"剧情,爱情,音乐","波兰, 法国, 英国"
1756,热泪伤痕,8.6,1995,"剧情,悬疑,惊悚",美国
1757,时尚先锋香奈儿,7.2,2009,"传记,剧情",法国
1758,得闲炒饭,7.1,2010,"剧情,爱情,同性",中国香港
1759,茉莉牌局,7.2,2017,"剧情,传记,犯罪","美国, 中国大陆, 加拿大"
1760,皱纹,8.7,2012,"剧情,动画",西班牙
1761,傻瓜,7.6,2008,"剧情,爱情",韩国
1762,纽约提喻法,8.3,2008,剧情,美国
1763,记我的母亲,8.7,2012,剧情,日本
1764,副作用,7.4,2013,"剧情,惊悚,犯罪",美国
1765,算死草,7.0,1997,"喜剧,剧情",中国香港
1766,破碎人生,7.6,2015,剧情,美国
1767,谈谈情跳跳舞,8.3,1996,"剧情,喜剧,爱情,歌舞",日本
1768,恋爱谈,7.8,2016,"剧情,爱情,同性",韩国
1769,神话,6.9,2005,"动作,冒险,喜剧,剧情,奇幻","中国大陆, 中国香港"
1770,银行家,7.4,2021,"剧情,传记",美国
1771,死亡游戏,7.8,1978,"动作,犯罪,剧情,惊悚","中国香港, 美国"
1772,朱迪,7.6,2019,"剧情,传记,爱情",英国
1773,浅草小子,8.3,2021,"剧情,传记",日本
1774,骗子,7.5,2017,"剧情,犯罪",韩国
1775,忠爱无言,7.3,2017,剧情,中国大陆
1776,情迷意乱,9.1,1964,"剧情,爱情,家庭",日本
1777,印式英语,8.2,2012,"剧情,喜剧,家庭",印度
1778,中国医生,6.9,2021,"剧情,灾难",中国大陆
1779,风吹麦浪,8.1,2006,"剧情,历史,战争","爱尔兰, 英国, 德国, 意大利, 西班牙, 法国, 比利时, 瑞典"
1780,海的尽头是草原,7.2,2022,剧情,中国大陆
1781,天才捕手,7.4,2017,"剧情,传记","英国, 美国"
1782,倭寇的踪迹,7.3,2012,"剧情,动作,武侠,古装",中国大陆
1783,雪路,8.3,2015,"剧情,历史,战争",韩国
1784,龙虎风云,7.7,1987,"动作,犯罪,剧情,惊悚",中国香港
1785,奥兰多,8.2,1992,"剧情,爱情,奇幻","英国, 俄罗斯, 法国, 意大利, 荷兰"
1786,合法副本,8.0,2010,剧情,"法国, 意大利, 比利时, 伊朗"
1787,爱,6.9,2012,"剧情,爱情","中国台湾, 中国大陆"
1788,水浒传之英雄本色,7.3,1993,"剧情,动作,武侠,古装","中国香港, 中国大陆"
1789,豹,8.8,1963,"剧情,历史,爱情,战争","意大利, 法国"
1790,女魔头,7.7,2003,"剧情,传记,犯罪,同性","美国, 德国"
1791,地球最后的夜晚,6.9,2018,"剧情,爱情,悬疑","中国大陆, 法国"
1792,特级英雄黄继光,8.1,2022,"剧情,传记,战争",中国大陆
1793,狗脸的岁月,8.5,1985,"剧情,喜剧",瑞典
1794,使徒行者,6.9,2016,"剧情,动作,犯罪","中国大陆, 中国香港"
1795,海滩,7.7,2000,"剧情,爱情,冒险","美国, 英国"
1796,厕所英雄,7.1,2018,"剧情,喜剧",印度
1797,听风者,6.9,2012,"剧情,悬疑","中国大陆, 中国香港"
1798,传奇的诞生,7.7,2018,"剧情,传记,运动",美国
1799,撒玛利亚女孩,7.4,2004,"剧情,犯罪,情色,家庭",韩国
1800,空气人偶,7.5,2009,"剧情,奇幻",日本
1801,狼图腾,6.9,2015,"剧情,冒险","中国大陆, 法国"
1802,小森林,7.5,2018,剧情,韩国
1803,撞死了一只羊,7.1,2019,剧情,中国大陆
1804,另一个波琳家的女孩,7.1,2008,"传记,剧情,历史,爱情","英国, 美国"
1805,扒手,8.3,1959,"剧情,犯罪",法国
1806,教授与疯子,7.6,2019,"剧情,传记","爱尔兰, 法国, 冰岛, 美国, 墨西哥, 比利时, 英国, 中国香港"
1807,无声婚礼,8.6,2008,"喜剧,剧情","罗马尼亚, 卢森堡, 法国"
1808,被光抓走的人,6.9,2019,"剧情,爱情,科幻",中国大陆
1809,撕裂的末日,7.5,2002,"动作,剧情,科幻,惊悚",美国
1810,行走距离,8.4,2015,"剧情,喜剧",墨西哥
1811,早春二月,8.2,1963,"剧情,爱情",中国大陆
1812,死神的十字路口,7.4,2008,"剧情,恐怖,悬疑,惊悚",泰国
1813,佛兰德斯的狗,8.9,1997,"动画,剧情,爱情","日本, 美国"
1814,龙纹身的女孩,7.5,2009,"犯罪,剧情,悬疑,惊悚","瑞典, 丹麦, 德国, 挪威"
1815,完美风暴,7.6,2000,"剧情,灾难",美国
1816,惊天魔盗团2,6.9,2016,"剧情,犯罪,悬疑",美国
1817,这就是英格兰,8.0,2007,"犯罪,剧情",英国
1818,甜心先生,7.5,1996,"剧情,喜剧,爱情,运动",美国
1819,记住我,7.3,2010,"剧情,爱情,家庭",美国
1820,你那边几点,8.0,2001,"剧情,爱情","法国, 中国台湾"
1821,天堂陌影,8.6,1984,"剧情,喜剧","美国, 西德"
1822,远山的呼唤,8.7,1980,剧情,日本
1823,青红,7.1,2005,剧情,中国大陆
1824,韩公主,7.6,2013,剧情,韩国
1825,一个小忙,7.2,2018,"剧情,犯罪,悬疑","美国, 加拿大"
1826,风云雄霸天下,7.0,1998,"剧情,动作,奇幻,古装","中国香港, 中国大陆"
1827,布兰卡和弹吉他的人,8.2,2015,"剧情,音乐","菲律宾, 日本, 意大利"
1828,长大成人,8.0,1997,剧情,中国大陆
1829,霍乱时期的爱情,7.4,2007,"剧情,爱情","美国, 墨西哥, 英国"
1830,惊天大逆转,7.0,2016,"剧情,犯罪,悬疑",中国大陆
1831,成长边缘,7.6,2016,"剧情,喜剧",美国
1832,王的男人,7.1,2005,"剧情,历史,同性",韩国
1833,古惑仔情义篇之洪兴十三妹,7.2,1998,剧情,中国香港
1834,奎迪,7.6,2015,"剧情,运动",美国
1835,巴比龙,7.4,2019,"剧情,犯罪,悬疑","美国, 捷克, 西班牙"
1836,千禧曼波,7.3,2001,"剧情,爱情","中国台湾, 法国"
1837,许三观,7.4,2015,"剧情,家庭",韩国
1838,秘密,7.9,1999,"剧情,奇幻",日本
1839,命运之夜——天之杯Ⅲ：春之歌,8.5,2020,"剧情,动画,奇幻",日本
1840,倾国之恋,7.8,2011,"剧情,爱情,历史",英国
1841,80'后,7.0,2010,剧情,中国大陆
1842,迫降航班,7.4,2012,"剧情,灾难",美国
1843,漫长的告别,7.6,2020,"剧情,家庭",日本
1844,即日启程,7.1,2008,"剧情,喜剧",中国大陆
1845,喜剧之王,8.5,1982,"喜剧,剧情,犯罪",美国
1846,柳如是,7.3,2012,"剧情,爱情,传记,古装",中国大陆
1847,芭萨提的颜色,8.5,2006,"剧情,喜剧,历史",印度
1848,倒扣的王牌,8.7,1951,"剧情,黑色电影",美国
1849,浪矢解忧杂货店,7.1,2018,"剧情,奇幻",日本
1850,海洋深处,7.5,2015,"剧情,冒险","美国, 澳大利亚, 西班牙"
1851,灵犬雪莉,8.3,2013,"剧情,冒险",法国
1852,我的黑色小礼服,7.1,2011,剧情,韩国
1853,一条狗的使命2,6.9,2019,"剧情,喜剧,家庭","中国大陆, 印度, 中国香港, 美国"
1854,恶魔,8.4,1955,"剧情,犯罪,悬疑,惊悚",法国
1855,一球成名,7.5,2006,"剧情,运动","英国, 美国"
1856,白日美人,7.6,1967,"剧情,情色","法国, 意大利"
1857,向日葵,7.9,2006,"动作,剧情",韩国
1858,悲情三角,7.5,2022,"剧情,喜剧","瑞典, 法国, 英国, 德国, 土耳其, 希腊, 美国, 丹麦, 瑞士, 墨西哥"
1859,澳洲乱世情,7.3,2009,"冒险,剧情,历史,爱情,战争","澳大利亚, 美国"
1860,诡丝,7.2,2006,"剧情,恐怖,悬疑,科幻,惊悚",中国台湾
1861,女人的碎片,7.8,2020,剧情,"加拿大, 匈牙利, 美国"
1862,阅后即焚,7.1,2008,"喜剧,犯罪,剧情","美国, 英国, 法国"
1863,乘风破浪,6.8,2017,"剧情,喜剧",中国大陆
1864,猩球崛起3：终极之战,6.9,2017,"剧情,动作,科幻",美国
1865,蔷花，红莲,7.2,2003,"剧情,恐怖,悬疑,惊悚",韩国
1866,吐司,7.5,2010,"剧情,喜剧,同性,家庭",英国
1867,余生的第一天,8.4,2008,"剧情,家庭",法国
1868,梅兰芳,6.9,2008,"传记,剧情,历史",中国大陆
1869,名扬四海,7.6,2009,"喜剧,剧情,家庭,歌舞,爱情",美国
1870,暴力街区,7.1,2014,"剧情,动作,犯罪","法国, 加拿大, 美国, 西班牙"
1871,夜,8.8,1961,"剧情,爱情","意大利, 法国"
1872,山中传奇,8.3,1979,"剧情,奇幻,古装",中国香港
1873,舞出我人生3,7.7,2010,"剧情,音乐,爱情",美国
1874,无人引航,8.1,2014,"剧情,音乐",美国
1875,画皮,6.8,2008,"剧情,爱情,奇幻,惊悚","中国大陆, 中国香港, 新加坡"
1876,恐惧吞噬灵魂,8.5,1974,"剧情,爱情",西德
1877,朋友,7.8,2001,"剧情,动作,犯罪",韩国
1878,云水谣,6.9,2006,"剧情,爱情,战争","中国大陆, 中国台湾"
1879,遗忘,8.1,2012,"剧情,爱情",中国台湾
1880,蝙蝠,7.5,2009,"剧情,爱情,奇幻,恐怖","韩国, 美国"
1881,生吃,7.1,2016,"剧情,恐怖","法国, 意大利, 比利时"
1882,涉足荒野,7.7,2014,"剧情,传记",美国
1883,我是,9.0,2005,剧情,波兰
1884,歌厅,8.9,1972,"剧情,爱情,歌舞",美国
1885,双子杀手,6.8,2019,"剧情,动作,科幻","美国, 中国大陆"
1886,失孤,6.9,2015,剧情,"中国大陆, 中国香港"
1887,断线,8.0,2013,"剧情,惊悚",美国
1888,五尺天涯,7.2,2021,"剧情,爱情",美国
1889,暮光之城4：破晓(上),6.9,2012,"剧情,爱情,惊悚,奇幻,冒险",美国
1890,海吉拉,7.0,2018,"剧情,爱情",中国台湾
1891,Jose与虎与鱼们,8.3,2003,"剧情,爱情",日本
1892,喜欢，轻吻，快跑,7.8,2018,"剧情,爱情,同性",法国
1893,花椒之味,7.1,2019,"剧情,家庭","中国香港, 中国大陆"
1894,龙门飞甲,6.9,2011,"剧情,动作,武侠,古装","中国大陆, 中国香港"
1895,标准之外,8.3,2019,剧情,"法国, 比利时"
1896,神经侠侣,7.2,2005,"剧情,喜剧",中国香港
1897,叶问4：完结篇,6.8,2019,"剧情,动作","中国大陆, 中国香港"
1898,马语者,8.1,1998,"剧情,爱情,西部",美国
1899,性工作者十日谈,7.4,2007,"剧情,情色",中国香港
1900,春江水暖,7.3,2020,"剧情,家庭",中国大陆
1901,浪客剑心 最终章 人诛篇,7.6,2021,"剧情,动作,冒险",日本
1902,牺牲,8.8,1986,剧情,"瑞典, 法国, 英国"
1903,推销员,7.6,2016,"剧情,悬疑,家庭","伊朗, 法国"
1904,塔利,7.7,2018,"剧情,喜剧",美国
1905,喜马拉雅,8.6,1999,"冒险,剧情","法国, 瑞士, 英国, 尼泊尔"
1906,离魂异客,8.0,1995,"剧情,西部,奇幻,冒险","美国, 德国, 日本"
1907,42号传奇,8.1,2013,"传记,剧情,运动",美国
1908,囧男孩,7.8,2008,剧情,中国台湾
1909,人生,8.4,1984,"剧情,爱情",中国大陆
1910,奇幻精灵事件簿,7.3,2008,"剧情,奇幻,冒险",美国
1911,停车,7.3,2008,剧情,中国台湾
1912,出租车,8.1,2015,"剧情,喜剧",伊朗
1913,寒枝雀静,7.9,2014,"剧情,喜剧","瑞典, 德国, 挪威, 法国"
1914,马柔本宅秘事,7.6,2017,"剧情,惊悚,恐怖","西班牙, 美国"
1915,敲开天堂的门,8.5,1997,"动作,犯罪,喜剧,剧情",德国
1916,走着瞧,7.7,2009,剧情,中国大陆
1917,偷香,7.6,1996,"剧情,爱情,悬疑,情色","意大利, 法国, 英国"
1918,冬之蝉,8.8,2007,"剧情,动画,同性",日本
1919,黄金大劫案,6.8,2012,"剧情,喜剧,动作,历史,爱情,战争",中国大陆
1920,我不在那儿,7.9,2007,"剧情,传记,音乐","美国, 德国, 加拿大"
1921,天才计划,7.1,2022,"剧情,犯罪,悬疑","英国, 澳大利亚"
1922,鸣梁海战,7.2,2014,"剧情,传记,动作,战争",韩国
1923,晨曦中的女孩,8.3,2005,剧情,加拿大
1924,明月几时有,6.9,2017,"剧情,历史,战争","中国大陆, 中国香港"
1925,神圣车行,7.9,2012,"剧情,奇幻","法国, 德国, 比利时"
1926,马斯顿教授与神奇女侠,7.9,2017,"剧情,传记,爱情,同性",美国
1927,布鲁克斯先生,7.6,2007,"犯罪,剧情,悬疑,惊悚",美国
1928,29+1,7.1,2017,"剧情,爱情",中国香港
1929,巴黎夜旅人,8.1,2022,剧情,法国
1930,命运之夜——天之杯Ⅱ：迷失之蝶,7.6,2019,"剧情,动画,奇幻",日本
1931,生生长流,8.8,1992,"剧情,灾难",伊朗
1932,鬼乡,7.5,2016,剧情,韩国
1933,蜀山传,6.9,2001,"剧情,动作,奇幻,武侠,古装","中国大陆, 中国香港"
1934,观相,7.4,2013,"剧情,历史",韩国
1935,吉祥,7.8,2018,"剧情,家庭",中国大陆
1936,瞧这一家子,8.1,1979,剧情,中国大陆
1937,深海浩劫,7.0,2016,"剧情,冒险,灾难","美国, 中国香港"
1938,方糖,8.0,2006,"剧情,爱情",韩国
1939,半支烟,7.3,1999,"剧情,爱情",中国香港
1940,火星任务,7.6,2000,"冒险,剧情,科幻,惊悚",美国
1941,杀手阿一,7.5,2001,"剧情,喜剧,动作,犯罪,惊悚,恐怖",日本
1942,露西亚的情人,7.6,2001,"剧情,爱情,情色","西班牙, 法国"
1943,再见，妈妈,8.1,2019,"剧情,爱情,同性",越南
1944,东方快车谋杀案,6.8,2017,"剧情,犯罪,悬疑","马耳他, 美国"
1945,晒后假日,8.0,2022,剧情,"英国, 美国"
1946,冰山上的来客,8.0,1963,"剧情,悬疑,战争",中国大陆
1947,天涯海角,8.0,1996,"剧情,爱情",中国香港
1948,那家伙的声音,7.5,2007,"剧情,惊悚",韩国
1949,小小的家,8.2,2014,"剧情,传记,历史,爱情,家庭",日本
1950,火烧圆明园,7.5,1983,"剧情,历史","中国香港, 中国大陆"
1951,煤气灯下,8.4,1944,"剧情,犯罪,黑色电影",美国
1952,卡廷惨案,8.2,2007,"剧情,历史,战争",波兰
1953,野兽刑警,7.6,1998,"动作,犯罪,剧情,悬疑",中国香港
1954,光阴的故事,7.7,1982,剧情,中国台湾
1955,保持通话,6.8,2008,"剧情,动作","中国香港, 中国大陆"
1956,记住,8.2,2015,"剧情,惊悚","加拿大, 墨西哥, 德国, 南非"
1957,八月,7.1,2017,"剧情,家庭",中国大陆
1958,暮光之城2：新月,6.8,2009,"剧情,爱情,惊悚,奇幻",美国
1959,悲伤的贝拉多娜,8.9,1973,"动画,剧情,奇幻",日本
1960,花水木,7.2,2010,"剧情,爱情",日本
1961,战栗空间,7.2,2002,"剧情,犯罪,惊悚",美国
1962,毕业会考,7.7,2016,"剧情,家庭","罗马尼亚, 法国, 比利时"
1963,离开雷锋的日子,7.2,1996,"传记,剧情",中国大陆
1964,破绽,7.3,2007,"犯罪,剧情,悬疑,惊悚","美国, 德国"
1965,野梨树,8.1,2018,剧情,"土耳其, 马其顿, 法国, 德国, 波黑, 保加利亚, 瑞典"
1966,华丽的假期,8.3,2007,剧情,韩国
1967,再见，孩子们,8.5,1987,"剧情,战争","法国, 西德, 意大利"
1968,剧场,7.8,2020,"剧情,爱情",日本
1969,感化院,8.4,2015,剧情,德国
1970,孩子们都很好,7.5,2010,"剧情,喜剧,同性,家庭",美国
1971,漂流欲室,7.3,2000,"剧情,惊悚,情色",韩国
1972,失乐园,7.4,1997,"剧情,爱情,情色",日本
1973,滚烫的爱,8.0,2016,"剧情,家庭",日本
1974,舞出我人生2：街舞,7.3,2010,"剧情,音乐,爱情",美国
1975,香港有个荷里活,7.3,2001,"剧情,喜剧,惊悚","中国香港, 法国, 英国, 日本"
1976,分手信,7.0,2010,"剧情,爱情,战争",美国
1977,庸才,7.8,2011,剧情,日本
1978,林家铺子,8.3,1959,剧情,中国大陆
1979,魔女嘉莉,7.5,1976,"剧情,恐怖",美国
1980,火海凌云,7.7,2016,"剧情,动作,冒险,灾难",俄罗斯
1981,锅盖头,7.5,2005,"传记,剧情,战争","美国, 德国"
1982,一个好爸爸,7.1,2008,"剧情,家庭",中国香港
1983,顺流逆流,7.6,2000,"动作,犯罪,剧情,惊悚","中国香港, 中国大陆"
1984,这时对，那时错,7.6,2015,剧情,韩国
1985,夺命深渊,7.4,2011,"剧情,动作,惊悚,冒险","美国, 澳大利亚"
1986,米花之味,7.3,2018,剧情,中国大陆
1987,镰仓物语,6.9,2018,"剧情,奇幻",日本
1988,三轮车夫,7.6,1995,"犯罪,剧情","越南, 法国, 中国香港"
1989,娑婆诃,7.2,2019,"剧情,悬疑,惊悚",韩国
1990,安娜·卡列尼娜,7.5,1997,"剧情,爱情",美国
1991,自由坠落,7.8,2013,"剧情,爱情,同性",德国
1992,股疯,7.8,1994,"剧情,喜剧","中国大陆, 中国香港"
1993,念念,7.0,2015,"剧情,爱情,家庭","中国香港, 中国台湾"
1994,危险关系,7.5,1997,"犯罪,剧情,惊悚",美国
1995,如沐爱河,7.7,2012,剧情,"法国, 日本"
1996,第九道门,7.3,1999,"剧情,奇幻,恐怖,悬疑,惊悚","法国, 西班牙"
1997,制造伍德斯托克音乐节,7.7,2009,"剧情,喜剧,音乐",美国
1998,哆啦A梦：大雄的月球探险记,7.2,2019,"剧情,动画",日本
1999,你的婚礼,7.3,2018,"剧情,爱情",韩国
2000,红色沙漠,8.0,1964,剧情,"意大利, 法国"
